date,smartphone,abbigliamento,libri,cosmetici,scarpe,notebook,borse,cancelleria,giardinaggio,cucina
2016-01-01,60,30,33,12,6,34,23,25,75,59
2016-01-02,45,38,27,27,14,36,21,19,71,50
2016-01-03,51,37,7,23,15,37,16,28,72,49
2016-01-04,57,39,16,20,19,37,21,15,69,42
2016-01-05,71,44,25,24,9,41,7,28,70,57
2016-01-06,45,41,15,22,17,30,19,25,67,40
2016-01-07,59,33,4,20,12,34,13,22,73,42
2016-01-08,51,40,28,26,8,34,15,30,66,53
2016-01-09,61,42,22,25,12,40,18,30,72,46
2016-01-10,62,42,14,17,13,30,19,17,70,46
2016-01-11,49,46,23,15,15,36,15,11,76,65
2016-01-12,56,40,32,14,10,35,19,14,71,53
2016-01-13,45,45,16,23,17,36,11,19,66,39
2016-01-14,52,38,27,24,5,36,14,20,68,45
2016-01-15,54,49,35,26,15,36,13,15,78,54
2016-01-16,64,42,23,24,12,40,7,27,64,50
2016-01-17,54,35,33,17,13,33,15,30,68,55
2016-01-18,54,40,7,19,7,30,21,25,66,41
2016-01-19,47,34,17,23,16,33,17,16,73,51
2016-01-20,68,46,30,18,12,39,23,17,69,62
2016-01-21,58,44,15,17,14,34,15,20,71,50
2016-01-22,60,42,17,23,12,33,21,33,70,49
2016-01-23,49,35,35,25,16,39,19,21,73,68
2016-01-24,53,42,9,16,6,30,18,24,70,63
2016-01-25,60,43,30,18,8,35,25,18,76,58
2016-01-26,54,42,25,22,21,33,14,23,75,54
2016-01-27,60,36,34,16,12,33,12,19,72,59
2016-01-28,47,34,38,23,8,32,11,15,73,68
2016-01-29,46,50,34,23,21,30,14,26,78,59
2016-01-30,71,47,24,26,11,31,19,31,71,60
2016-01-31,56,49,31,28,14,33,11,28,71,43
2016-02-01,58,41,27,20,7,33,21,24,73,51
2016-02-02,50,34,37,12,9,34,24,32,70,42
2016-02-03,50,44,25,30,17,30,14,34,70,59
2016-02-04,58,38,28,20,19,37,20,20,69,50
2016-02-05,55,48,24,20,14,29,18,14,73,59
2016-02-06,59,47,14,25,10,35,20,29,71,53
2016-02-07,56,49,29,14,19,33,16,22,72,58
2016-02-08,58,43,22,29,23,30,22,35,69,39
2016-02-09,63,46,35,24,19,34,13,26,72,41
2016-02-10,68,36,27,18,26,27,24,11,67,48
2016-02-11,57,54,19,14,8,42,26,34,65,67
2016-02-12,48,42,39,31,28,32,19,18,65,58
2016-02-13,56,56,32,24,24,34,19,35,68,50
2016-02-14,53,40,44,28,15,39,22,29,72,55
2016-02-15,45,51,26,22,10,37,12,27,66,57
2016-02-16,56,50,27,18,19,39,22,20,67,43
2016-02-17,54,47,31,25,14,37,13,19,75,51
2016-02-18,66,44,12,23,10,38,19,19,74,63
2016-02-19,55,50,37,16,26,35,15,23,68,43
2016-02-20,49,39,20,24,20,34,24,22,71,59
2016-02-21,60,43,25,18,10,38,21,31,66,46
2016-02-22,66,48,27,15,24,39,23,26,68,56
2016-02-23,55,39,28,25,15,29,27,21,68,48
2016-02-24,61,51,34,16,13,34,24,34,70,57
2016-02-25,69,39,20,30,23,40,23,31,69,58
2016-02-26,63,48,38,22,13,31,18,14,71,61
2016-02-27,56,54,33,18,20,31,22,23,70,51
2016-02-28,72,55,44,19,20,42,16,33,67,63
2016-02-29,43,53,32,25,12,37,13,30,70,61
2016-03-01,60,38,29,22,21,29,16,22,73,45
2016-03-02,42,52,30,29,22,34,27,23,73,56
2016-03-03,64,48,24,20,15,34,23,33,63,43
2016-03-04,54,40,29,25,22,29,15,32,73,67
2016-03-05,62,51,30,17,24,33,25,21,71,63
2016-03-06,57,49,18,20,24,35,15,31,74,56
2016-03-07,57,50,39,23,17,37,23,21,73,66
2016-03-08,58,52,23,19,20,35,20,27,73,59
2016-03-09,57,42,38,26,19,34,23,18,66,57
2016-03-10,53,44,31,17,17,37,20,30,71,60
2016-03-11,71,52,28,26,25,32,28,19,73,60
2016-03-12,59,47,27,22,11,29,18,26,75,49
2016-03-13,57,47,24,17,23,31,26,35,73,46
2016-03-14,52,52,29,34,25,30,12,25,74,55
2016-03-15,57,56,33,25,30,34,24,20,76,46
2016-03-16,47,49,31,26,22,28,24,32,65,59
2016-03-17,56,47,33,26,27,39,15,32,71,57
2016-03-18,52,44,42,26,26,33,32,25,68,55
2016-03-19,62,50,34,30,17,28,26,37,78,57
2016-03-20,55,50,37,29,22,28,24,22,71,60
2016-03-21,55,51,26,28,21,36,21,29,74,51
2016-03-22,56,42,26,27,16,39,17,29,75,51
2016-03-23,57,48,37,22,14,34,16,21,65,53
2016-03-24,60,51,46,29,22,28,18,25,71,49
2016-03-25,50,47,21,26,20,31,20,20,74,59
2016-03-26,49,57,44,32,27,30,16,27,71,49
2016-03-27,57,54,36,32,15,35,16,29,77,54
2016-03-28,62,54,29,25,30,41,14,18,67,53
2016-03-29,59,48,43,28,24,39,26,28,71,51
2016-03-30,51,46,47,27,18,36,21,26,70,45
2016-03-31,62,50,31,24,24,28,20,17,68,52
2016-04-01,51,56,27,24,27,34,29,28,72,51
2016-04-02,61,55,40,28,20,38,30,36,76,44
2016-04-03,69,52,40,18,16,32,16,30,65,60
2016-04-04,72,53,33,31,16,37,21,35,70,42
2016-04-05,52,48,42,24,25,30,22,19,76,66
2016-04-06,44,52,27,25,25,39,21,31,77,50
2016-04-07,63,49,37,23,27,28,24,41,70,61
2016-04-08,57,53,26,25,17,37,24,29,67,52
2016-04-09,62,45,34,19,24,33,26,40,72,56
2016-04-10,57,56,44,22,17,34,24,25,76,50
2016-04-11,54,54,42,24,16,33,16,39,70,59
2016-04-12,49,61,29,30,22,39,23,23,70,57
2016-04-13,60,54,21,25,26,27,22,38,75,62
2016-04-14,50,47,20,21,24,30,22,33,71,43
2016-04-15,56,54,44,32,13,28,34,25,72,58
2016-04-16,63,47,24,29,30,33,25,28,67,44
2016-04-17,55,51,38,18,21,36,21,34,68,63
2016-04-18,63,45,37,23,26,38,19,15,74,56
2016-04-19,62,47,53,30,26,28,24,28,72,58
2016-04-20,67,41,52,32,20,32,30,21,72,54
2016-04-21,47,53,38,33,20,37,21,20,72,56
2016-04-22,59,53,29,35,25,30,25,20,79,54
2016-04-23,59,47,44,30,30,29,28,28,75,50
2016-04-24,59,57,32,37,26,36,27,31,77,48
2016-04-25,56,53,36,23,26,33,23,29,74,52
2016-04-26,65,50,41,21,30,29,33,26,65,54
2016-04-27,60,46,47,31,15,28,33,35,67,57
2016-04-28,52,45,29,21,21,33,21,23,66,52
2016-04-29,54,43,46,23,19,34,31,18,76,62
2016-04-30,56,47,33,36,33,32,27,33,73,57
2016-05-01,59,61,40,26,22,41,28,30,76,64
2016-05-02,53,41,35,34,31,30,32,26,75,43
2016-05-03,62,58,42,36,29,32,20,31,78,44
2016-05-04,63,43,34,32,21,29,34,29,69,52
2016-05-05,60,48,31,23,16,35,32,24,75,66
2016-05-06,71,48,44,28,24,33,34,40,73,53
2016-05-07,49,57,30,29,33,37,30,24,72,59
2016-05-08,57,52,47,18,32,36,26,34,75,57
2016-05-09,57,53,34,28,34,39,24,31,73,50
2016-05-10,56,61,35,34,25,26,27,32,72,44
2016-05-11,50,57,54,26,26,39,30,24,67,60
2016-05-12,57,50,50,29,30,31,24,28,73,52
2016-05-13,53,47,38,21,31,34,30,25,79,52
2016-05-14,50,48,54,30,23,34,32,27,71,42
2016-05-15,65,58,43,24,18,37,34,33,70,64
2016-05-16,54,62,39,24,18,38,26,40,66,70
2016-05-17,67,52,48,22,27,35,28,20,68,55
2016-05-18,52,44,47,28,23,40,34,30,71,50
2016-05-19,62,53,35,31,28,36,25,31,69,67
2016-05-20,51,51,36,30,20,31,17,30,74,54
2016-05-21,60,52,39,28,16,35,31,34,68,54
2016-05-22,59,47,41,23,29,29,34,39,71,54
2016-05-23,66,61,36,22,26,31,34,30,75,60
2016-05-24,53,57,46,31,26,38,31,29,67,50
2016-05-25,56,47,38,20,29,27,31,32,76,39
2016-05-26,63,49,38,30,29,38,36,37,76,56
2016-05-27,53,50,45,32,29,34,33,36,69,59
2016-05-28,48,57,52,38,27,35,27,37,73,61
2016-05-29,66,54,26,29,21,39,28,46,78,56
2016-05-30,58,59,42,31,26,29,28,26,70,55
2016-05-31,68,53,40,34,23,36,25,40,66,65
2016-06-01,53,52,35,26,22,30,25,45,74,56
2016-06-02,67,52,43,26,27,35,31,41,73,45
2016-06-03,66,53,39,35,25,37,33,27,67,55
2016-06-04,42,49,46,39,18,35,28,35,76,48
2016-06-05,51,52,41,32,30,35,38,29,68,64
2016-06-06,44,49,50,27,31,32,30,38,72,58
2016-06-07,56,62,37,28,31,31,25,42,76,57
2016-06-08,56,61,54,32,20,33,29,41,66,54
2016-06-09,58,52,37,25,22,39,24,31,66,55
2016-06-10,65,56,55,20,21,39,29,35,69,48
2016-06-11,54,54,50,27,20,38,31,28,65,56
2016-06-12,54,59,46,24,25,36,32,36,76,58
2016-06-13,58,54,41,35,26,40,29,35,71,69
2016-06-14,52,46,37,33,25,35,28,33,72,61
2016-06-15,58,52,54,33,34,35,24,35,70,59
2016-06-16,66,61,42,33,26,34,22,31,72,61
2016-06-17,49,59,44,23,28,37,29,41,75,47
2016-06-18,51,57,37,24,32,34,28,27,72,53
2016-06-19,61,49,38,28,38,32,33,33,70,53
2016-06-20,51,52,36,30,31,39,29,19,68,56
2016-06-21,55,57,49,31,22,25,26,29,75,59
2016-06-22,56,54,53,32,30,29,31,23,73,43
2016-06-23,66,47,33,32,26,39,28,36,69,55
2016-06-24,54,50,32,32,30,35,31,30,66,62
2016-06-25,67,62,50,29,36,29,33,37,68,64
2016-06-26,62,50,39,21,35,35,24,25,70,55
2016-06-27,53,57,43,33,25,36,25,36,75,69
2016-06-28,65,50,36,30,18,28,30,19,66,44
2016-06-29,44,51,54,37,33,36,32,32,77,48
2016-06-30,55,63,50,33,25,32,31,32,71,52
2016-07-01,44,57,40,35,33,31,33,33,67,49
2016-07-02,51,57,43,28,26,32,36,37,76,65
2016-07-03,62,59,53,29,33,31,34,32,66,59
2016-07-04,59,67,35,32,19,32,26,35,73,59
2016-07-05,44,58,39,34,32,32,31,28,67,54
2016-07-06,62,62,50,31,27,32,30,35,72,64
2016-07-07,57,65,40,24,21,31,28,30,72,63
2016-07-08,69,55,47,25,28,36,26,36,75,72
2016-07-09,54,56,44,35,33,35,27,27,80,43
2016-07-10,42,64,44,32,35,39,23,38,70,53
2016-07-11,57,65,44,28,32,31,21,27,73,67
2016-07-12,55,45,47,35,21,31,38,36,75,58
2016-07-13,58,59,35,39,22,35,30,44,71,54
2016-07-14,67,54,44,32,28,33,31,32,68,61
2016-07-15,60,55,46,21,23,26,29,36,70,46
2016-07-16,48,56,46,41,25,33,28,21,76,59
2016-07-17,55,61,41,23,30,30,34,41,71,53
2016-07-18,51,55,39,32,27,32,30,28,70,60
2016-07-19,46,56,48,38,35,28,30,34,69,51
2016-07-20,49,52,46,28,24,32,29,35,71,58
2016-07-21,60,54,55,21,30,30,25,30,73,59
2016-07-22,65,62,30,35,30,31,23,28,71,62
2016-07-23,52,56,33,31,38,38,30,22,75,52
2016-07-24,55,58,30,30,26,25,37,36,73,58
2016-07-25,64,51,41,34,33,29,28,28,72,67
2016-07-26,49,57,38,34,32,35,30,37,72,71
2016-07-27,68,57,48,32,30,32,37,42,66,48
2016-07-28,65,52,50,38,34,30,30,38,73,60
2016-07-29,58,56,43,29,25,33,38,36,74,50
2016-07-30,55,53,41,28,19,27,39,31,75,45
2016-07-31,57,57,44,38,20,35,31,33,74,63
2016-08-01,49,55,50,31,29,29,30,26,75,50
2016-08-02,65,48,31,28,28,34,32,35,78,60
2016-08-03,54,57,48,32,33,35,29,35,69,62
2016-08-04,45,51,45,30,37,29,33,29,72,45
2016-08-05,55,63,52,30,30,32,30,31,72,65
2016-08-06,51,59,45,41,25,29,31,42,72,54
2016-08-07,67,53,30,37,25,32,34,30,77,64
2016-08-08,59,60,45,42,26,27,32,39,70,58
2016-08-09,57,50,49,30,32,40,27,24,72,58
2016-08-10,69,50,40,33,27,25,32,38,76,61
2016-08-11,59,67,62,35,31,30,41,38,65,50
2016-08-12,60,61,36,35,33,33,38,30,70,62
2016-08-13,68,52,44,35,21,26,32,27,72,53
2016-08-14,55,61,53,42,26,31,29,40,69,64
2016-08-15,53,56,43,35,24,33,28,32,69,56
2016-08-16,67,49,35,39,35,28,30,32,68,53
2016-08-17,66,61,62,32,28,37,36,35,70,63
2016-08-18,64,50,51,32,24,34,29,47,74,60
2016-08-19,58,58,45,28,34,27,30,30,72,54
2016-08-20,65,59,35,27,23,27,43,31,66,53
2016-08-21,73,58,48,35,24,38,34,49,78,69
2016-08-22,49,56,34,33,28,33,37,38,72,64
2016-08-23,60,55,47,33,28,37,33,39,71,53
2016-08-24,50,60,46,28,21,37,33,29,66,57
2016-08-25,51,53,44,28,25,29,32,25,73,59
2016-08-26,62,55,50,31,32,28,33,44,70,57
2016-08-27,57,66,38,40,18,29,35,43,67,64
2016-08-28,55,57,40,42,30,35,29,29,70,61
2016-08-29,61,56,37,29,19,33,36,46,70,64
2016-08-30,48,62,38,29,24,30,36,45,72,67
2016-08-31,55,59,46,41,25,26,34,36,67,62
2016-09-01,52,55,59,36,21,37,31,28,74,53
2016-09-02,72,60,43,38,29,27,31,45,75,54
2016-09-03,51,59,50,30,23,30,31,39,76,62
2016-09-04,51,57,50,24,35,33,33,37,70,70
2016-09-05,60,64,58,36,35,34,27,48,73,58
2016-09-06,47,57,53,32,33,26,40,25,73,63
2016-09-07,61,47,61,34,27,24,33,24,66,68
2016-09-08,57,61,40,26,21,28,33,35,74,70
2016-09-09,67,52,46,35,23,32,26,50,72,52
2016-09-10,51,57,31,37,35,36,36,27,76,62
2016-09-11,68,67,56,40,28,27,41,36,74,70
2016-09-12,63,52,46,32,28,38,34,33,69,63
2016-09-13,53,61,45,34,28,33,27,34,78,63
2016-09-14,55,60,38,35,27,36,30,43,66,64
2016-09-15,67,52,55,35,22,35,40,33,70,56
2016-09-16,58,62,51,30,32,34,34,23,72,49
2016-09-17,51,57,47,30,37,30,34,30,70,60
2016-09-18,56,48,48,39,28,26,34,36,68,52
2016-09-19,39,50,43,42,29,27,39,34,72,62
2016-09-20,61,55,32,35,32,28,39,40,71,57
2016-09-21,50,51,34,36,22,35,37,39,75,63
2016-09-22,56,61,46,36,23,31,34,39,68,48
2016-09-23,68,68,32,34,31,30,34,44,73,70
2016-09-24,64,56,39,38,22,31,28,49,67,56
2016-09-25,62,68,47,44,29,28,37,40,73,69
2016-09-26,67,57,44,35,30,22,32,26,73,50
2016-09-27,57,51,49,23,31,28,32,38,69,60
2016-09-28,62,59,54,42,22,31,34,40,75,48
2016-09-29,61,61,41,29,28,33,35,33,69,51
2016-09-30,54,61,53,36,20,32,31,32,70,59
2016-10-01,48,63,48,39,22,28,39,49,74,67
2016-10-02,49,55,59,31,34,24,31,42,73,64
2016-10-03,54,54,60,43,27,29,29,34,77,46
2016-10-04,46,53,46,29,31,25,39,52,64,50
2016-10-05,54,52,48,27,31,28,39,40,76,61
2016-10-06,59,56,53,37,36,36,29,43,74,59
2016-10-07,51,53,49,30,31,36,23,38,78,65
2016-10-08,48,64,57,39,38,22,37,38,72,61
2016-10-09,62,57,45,34,22,28,34,35,74,74
2016-10-10,57,55,43,29,36,27,37,45,74,51
2016-10-11,47,58,62,29,31,27,32,44,69,58
2016-10-12,51,70,50,38,20,35,26,46,75,63
2016-10-13,53,61,46,29,28,32,31,34,72,63
2016-10-14,50,59,35,32,32,29,31,44,76,60
2016-10-15,56,63,32,39,28,31,39,40,75,53
2016-10-16,48,60,41,30,29,29,38,54,78,64
2016-10-17,53,64,36,40,30,25,37,44,74,55
2016-10-18,49,58,51,33,27,36,42,43,77,60
2016-10-19,50,65,51,34,21,23,42,39,74,64
2016-10-20,53,60,40,42,32,32,34,34,67,62
2016-10-21,54,58,46,31,29,35,38,31,73,62
2016-10-22,63,53,47,38,32,30,32,45,69,57
2016-10-23,63,58,63,34,31,33,37,43,78,58
2016-10-24,58,55,44,32,26,24,36,32,72,56
2016-10-25,50,58,64,36,35,28,36,37,71,63
2016-10-26,51,61,36,29,34,31,38,45,73,65
2016-10-27,49,57,50,30,33,31,38,42,74,55
2016-10-28,61,57,33,40,31,27,39,36,66,61
2016-10-29,69,62,51,44,33,33,34,47,71,71
2016-10-30,61,63,46,25,23,25,37,48,79,60
2016-10-31,58,61,43,38,31,30,40,41,80,66
2016-11-01,68,65,54,44,26,25,29,49,73,63
2016-11-02,58,67,37,35,32,29,32,42,68,50
2016-11-03,50,51,45,35,30,32,38,48,70,59
2016-11-04,53,55,58,40,36,29,26,56,72,61
2016-11-05,41,56,49,39,31,35,36,37,69,63
2016-11-06,48,63,48,35,33,34,37,46,75,57
2016-11-07,58,58,47,34,25,33,41,39,72,67
2016-11-08,51,67,35,31,23,24,30,41,74,67
2016-11-09,53,52,44,35,34,26,35,41,65,61
2016-11-10,51,58,48,41,25,25,42,31,72,50
2016-11-11,56,59,48,31,25,33,28,35,71,66
2016-11-12,65,52,40,37,38,33,30,37,72,53
2016-11-13,50,55,52,38,32,25,32,43,68,51
2016-11-14,52,57,55,26,33,26,40,39,73,51
2016-11-15,66,48,39,31,27,28,37,31,78,60
2016-11-16,47,64,57,36,31,28,43,38,68,69
2016-11-17,39,55,37,40,33,26,31,42,77,62
2016-11-18,51,52,46,32,21,28,46,47,71,66
2016-11-19,47,68,45,39,30,25,37,50,66,56
2016-11-20,66,61,49,43,32,39,31,42,75,62
2016-11-21,66,57,45,40,31,36,36,35,72,62
2016-11-22,63,67,39,32,31,27,36,49,68,60
2016-11-23,58,60,60,38,24,29,29,49,80,62
2016-11-24,52,56,37,26,26,34,31,48,71,63
2016-11-25,62,67,36,40,33,30,38,52,78,49
2016-11-26,49,56,51,34,34,34,37,48,75,70
2016-11-27,50,68,63,39,37,24,41,48,73,54
2016-11-28,59,63,46,40,35,33,35,36,70,60
2016-11-29,51,54,55,36,31,36,25,48,69,73
2016-11-30,50,59,62,27,27,29,35,36,74,69
2016-12-01,48,67,41,40,33,32,35,35,72,54
2016-12-02,62,54,59,40,25,32,33,37,75,56
2016-12-03,65,61,34,35,39,33,32,47,77,60
2016-12-04,40,66,63,35,36,24,36,37,83,65
2016-12-05,63,55,39,42,31,38,42,43,77,54
2016-12-06,53,59,42,32,34,32,36,41,72,77
2016-12-07,59,58,43,45,35,27,29,44,75,54
2016-12-08,57,64,41,41,38,41,40,47,76,74
2016-12-09,47,56,54,40,29,27,39,50,70,59
2016-12-10,54,56,55,34,40,32,37,33,78,57
2016-12-11,66,57,44,38,30,35,35,43,70,51
2016-12-12,69,66,47,45,32,22,29,47,75,72
2016-12-13,53,58,48,35,33,34,43,45,74,63
2016-12-14,67,58,52,32,32,27,42,42,75,64
2016-12-15,52,67,45,38,33,30,35,44,77,59
2016-12-16,58,59,65,49,37,35,33,49,77,69
2016-12-17,58,52,46,39,33,36,36,52,73,73
2016-12-18,50,70,42,47,32,34,30,39,71,64
2016-12-19,59,57,49,41,33,26,35,47,74,67
2016-12-20,58,63,46,31,38,28,36,51,73,58
2016-12-21,53,55,62,38,30,36,39,42,74,59
2016-12-22,48,67,58,30,36,38,29,57,74,72
2016-12-23,54,61,40,31,33,26,30,48,71,66
2016-12-24,45,58,49,40,41,27,38,43,79,58
2016-12-25,55,76,45,36,36,36,39,51,78,74
2016-12-26,54,64,42,33,23,32,27,50,76,69
2016-12-27,55,61,59,30,23,31,36,48,70,61
2016-12-28,62,59,35,40,30,26,29,41,72,50
2016-12-29,54,64,32,48,26,32,35,56,68,69
2016-12-30,49,69,41,35,36,23,42,43,76,74
2016-12-31,56,66,48,45,28,31,30,47,71,68
2017-01-01,50,62,60,44,33,26,39,38,72,65
2017-01-02,56,54,54,38,21,20,29,47,75,65
2017-01-03,45,60,46,45,23,28,34,42,72,55
2017-01-04,48,63,49,40,28,23,33,52,70,49
2017-01-05,54,57,39,33,26,24,36,44,77,53
2017-01-06,65,60,59,43,22,32,30,49,70,72
2017-01-07,40,66,50,29,22,29,27,57,76,60
2017-01-08,52,65,45,37,37,29,36,42,76,64
2017-01-09,51,59,45,45,28,26,40,43,76,68
2017-01-10,49,69,45,41,35,31,35,50,67,66
2017-01-11,64,65,49,38,34,33,30,44,69,58
2017-01-12,55,53,53,42,29,22,36,45,68,55
2017-01-13,58,54,43,33,28,24,37,46,70,71
2017-01-14,40,61,36,44,27,20,40,41,70,75
2017-01-15,54,56,45,44,27,26,36,29,72,60
2017-01-16,44,48,44,34,34,29,36,32,70,51
2017-01-17,63,68,54,36,36,28,38,51,73,72
2017-01-18,39,61,32,37,29,23,34,45,70,57
2017-01-19,39,53,48,36,38,26,32,43,68,61
2017-01-20,57,68,44,43,30,27,29,40,77,59
2017-01-21,43,56,39,33,36,34,35,45,73,63
2017-01-22,63,58,36,38,26,23,41,46,66,54
2017-01-23,36,57,38,32,38,31,35,31,67,64
2017-01-24,51,58,52,46,27,20,39,39,68,63
2017-01-25,42,65,49,30,30,25,33,39,67,76
2017-01-26,45,55,55,41,25,25,35,49,71,70
2017-01-27,40,62,36,39,31,24,29,37,64,59
2017-01-28,51,59,54,35,30,23,42,50,71,69
2017-01-29,55,66,54,43,25,25,38,48,68,74
2017-01-30,50,58,52,45,25,31,37,59,73,62
2017-01-31,61,52,47,39,37,26,42,43,72,66
2017-02-01,52,62,58,33,36,23,36,42,72,54
2017-02-02,35,68,39,38,26,29,32,44,69,66
2017-02-03,59,54,52,44,25,29,30,50,73,58
2017-02-04,64,69,41,37,37,28,40,43,70,63
2017-02-05,35,54,34,35,33,30,33,60,78,65
2017-02-06,52,64,42,41,27,22,33,48,71,61
2017-02-07,43,53,60,39,30,28,34,40,75,60
2017-02-08,51,56,41,39,27,28,37,51,72,58
2017-02-09,57,60,51,39,36,29,36,43,68,73
2017-02-10,50,56,59,44,30,19,31,47,71,61
2017-02-11,50,54,35,31,40,34,31,36,77,68
2017-02-12,53,66,51,38,35,28,32,42,75,65
2017-02-13,59,61,46,45,24,29,28,35,74,63
2017-02-14,43,54,45,38,26,32,36,51,67,52
2017-02-15,35,52,63,41,30,28,31,43,70,62
2017-02-16,37,54,54,37,25,32,35,53,70,69
2017-02-17,53,62,62,34,30,25,39,33,75,65
2017-02-18,50,57,59,35,21,24,34,52,76,53
2017-02-19,53,65,45,38,20,29,27,40,71,68
2017-02-20,47,61,46,39,37,28,30,49,75,57
2017-02-21,43,65,43,40,30,21,33,34,73,64
2017-02-22,37,66,54,38,35,26,29,42,74,59
2017-02-23,57,52,60,36,32,26,34,53,67,68
2017-02-24,36,59,47,41,29,28,30,50,74,66
2017-02-25,48,68,57,37,35,23,40,40,70,76
2017-02-26,36,59,49,46,27,29,37,46,73,57
2017-02-27,44,63,51,45,33,24,37,44,70,72
2017-02-28,55,57,51,38,34,34,34,46,76,59
2017-03-01,60,66,41,45,36,27,37,51,69,69
2017-03-02,52,61,48,38,28,25,31,46,78,68
2017-03-03,51,58,34,39,28,30,37,41,74,72
2017-03-04,50,60,42,32,30,27,39,46,70,56
2017-03-05,49,61,49,49,39,27,37,41,73,71
2017-03-06,58,53,61,28,27,26,30,49,71,63
2017-03-07,62,56,48,41,30,33,36,41,69,67
2017-03-08,40,61,56,41,34,25,40,46,71,59
2017-03-09,43,52,35,35,34,28,35,41,72,57
2017-03-10,56,59,45,46,27,28,30,47,67,69
2017-03-11,50,66,61,50,36,29,31,49,78,72
2017-03-12,53,56,48,30,34,25,36,52,66,62
2017-03-13,46,60,52,31,31,28,32,48,75,80
2017-03-14,33,62,49,47,32,22,33,40,73,74
2017-03-15,40,59,49,39,31,31,42,45,68,69
2017-03-16,50,63,49,43,29,28,39,55,66,58
2017-03-17,49,57,66,43,33,19,34,45,71,50
2017-03-18,50,60,52,46,34,22,35,53,69,63
2017-03-19,34,69,61,40,31,24,36,45,77,55
2017-03-20,36,65,52,45,24,27,34,43,70,70
2017-03-21,36,58,55,38,29,21,43,48,65,59
2017-03-22,51,61,39,33,32,26,34,46,64,60
2017-03-23,48,55,51,39,29,31,36,56,72,63
2017-03-24,58,54,46,34,26,24,31,51,66,74
2017-03-25,48,61,54,42,32,25,26,57,74,62
2017-03-26,37,68,56,35,30,25,31,48,70,55
2017-03-27,52,66,56,44,25,23,38,52,68,65
2017-03-28,56,56,52,44,27,22,31,58,72,66
2017-03-29,60,57,62,39,22,30,38,46,67,66
2017-03-30,47,55,50,39,34,23,26,40,72,63
2017-03-31,44,62,46,49,22,26,34,56,67,72
2017-04-01,41,69,45,38,24,25,30,57,70,65
2017-04-02,55,61,47,34,32,20,39,62,78,58
2017-04-03,60,58,57,39,28,29,30,45,74,54
2017-04-04,54,59,49,46,32,25,36,36,71,72
2017-04-05,45,66,57,44,29,34,36,44,72,79
2017-04-06,54,55,49,41,34,23,35,39,67,65
2017-04-07,53,54,56,42,21,25,39,38,77,63
2017-04-08,41,58,61,40,30,25,28,42,68,54
2017-04-09,35,65,49,45,24,30,33,50,73,66
2017-04-10,41,68,46,39,24,29,31,46,70,69
2017-04-11,33,57,54,44,33,26,36,42,71,70
2017-04-12,57,50,52,34,27,23,27,50,73,54
2017-04-13,48,55,54,43,23,20,40,58,71,74
2017-04-14,49,56,46,45,36,25,29,49,70,67
2017-04-15,48,55,61,40,35,18,33,60,67,72
2017-04-16,50,62,56,45,39,22,39,41,69,68
2017-04-17,51,67,62,32,25,25,32,52,69,62
2017-04-18,40,64,55,44,23,22,35,42,63,74
2017-04-19,62,60,49,44,36,26,31,60,76,67
2017-04-20,55,59,47,41,29,21,32,50,72,64
2017-04-21,39,71,55,41,22,22,40,44,69,70
2017-04-22,47,64,57,40,26,17,34,55,72,60
2017-04-23,50,63,62,47,36,26,35,60,71,68
2017-04-24,39,60,41,47,40,24,31,48,73,62
2017-04-25,49,70,60,38,24,16,41,54,72,57
2017-04-26,61,65,60,35,39,28,30,60,74,78
2017-04-27,46,61,52,43,30,28,31,41,70,66
2017-04-28,55,65,44,37,36,26,25,59,73,52
2017-04-29,49,61,42,47,30,28,33,41,74,53
2017-04-30,56,60,55,41,41,26,43,59,71,81
2017-05-01,55,65,60,49,22,21,38,49,72,65
2017-05-02,46,60,55,43,36,20,35,49,71,76
2017-05-03,42,55,46,40,23,27,30,57,65,72
2017-05-04,45,60,54,44,25,26,37,41,72,63
2017-05-05,29,70,65,50,31,19,34,62,72,69
2017-05-06,48,64,59,46,35,26,40,56,72,61
2017-05-07,48,62,49,43,36,22,31,45,68,76
2017-05-08,49,67,65,45,29,30,32,57,67,64
2017-05-09,43,53,43,44,23,30,28,50,70,61
2017-05-10,54,61,54,38,27,23,27,42,76,66
2017-05-11,46,60,67,41,37,32,29,35,67,59
2017-05-12,48,62,59,39,33,15,36,55,76,62
2017-05-13,36,65,50,43,25,29,40,53,71,60
2017-05-14,49,55,43,33,38,22,23,46,71,60
2017-05-15,33,63,37,47,37,21,32,64,74,63
2017-05-16,54,65,55,41,37,21,29,49,71,61
2017-05-17,45,59,48,43,33,28,38,49,64,62
2017-05-18,46,56,60,43,29,27,28,51,71,62
2017-05-19,46,56,42,36,29,26,33,50,77,68
2017-05-20,56,51,44,45,32,24,34,54,76,74
2017-05-21,44,53,56,37,31,28,37,48,77,70
2017-05-22,34,61,44,51,34,26,34,47,70,72
2017-05-23,47,50,40,44,20,21,28,52,69,64
2017-05-24,40,65,43,41,21,25,35,45,68,53
2017-05-25,44,57,52,42,32,20,30,58,67,77
2017-05-26,51,57,50,42,35,28,29,55,68,76
2017-05-27,47,55,49,34,35,24,26,51,73,70
2017-05-28,58,59,66,50,31,23,36,51,70,51
2017-05-29,35,64,38,36,22,19,32,52,70,72
2017-05-30,38,72,45,41,31,20,28,51,69,69
2017-05-31,48,63,47,47,24,22,41,58,66,61
2017-06-01,39,54,59,39,31,32,24,59,75,64
2017-06-02,56,55,59,51,27,32,39,61,71,69
2017-06-03,37,65,50,46,28,21,33,50,72,67
2017-06-04,53,61,47,36,36,20,34,38,69,55
2017-06-05,44,60,55,40,33,25,27,51,64,65
2017-06-06,57,58,32,39,30,23,34,59,70,67
2017-06-07,35,62,58,46,26,23,38,60,70,58
2017-06-08,31,58,60,42,27,20,38,43,75,57
2017-06-09,56,59,36,38,19,20,23,57,71,59
2017-06-10,41,60,43,49,28,24,26,50,70,75
2017-06-11,37,60,60,35,34,28,36,51,76,64
2017-06-12,45,59,59,50,29,16,31,60,72,61
2017-06-13,34,58,60,41,37,27,31,39,76,60
2017-06-14,30,51,47,47,28,24,33,65,76,73
2017-06-15,51,54,48,38,31,23,29,42,68,78
2017-06-16,39,64,42,40,23,30,30,48,76,66
2017-06-17,45,60,53,52,23,25,33,47,71,73
2017-06-18,43,57,45,40,29,23,38,50,65,58
2017-06-19,43,65,46,51,26,20,30,63,70,65
2017-06-20,49,62,58,42,26,22,33,58,70,59
2017-06-21,31,63,52,36,26,21,39,59,66,53
2017-06-22,49,71,50,46,30,23,31,62,67,49
2017-06-23,33,64,39,37,20,16,26,63,71,66
2017-06-24,57,66,51,42,28,20,38,55,69,69
2017-06-25,45,56,46,46,24,17,39,39,65,65
2017-06-26,50,62,39,40,30,21,40,58,69,69
2017-06-27,48,65,54,44,25,18,33,51,69,63
2017-06-28,52,62,45,43,28,22,29,60,64,56
2017-06-29,57,60,48,41,28,30,26,66,72,72
2017-06-30,57,59,40,31,39,17,37,53,71,61
2017-07-01,45,69,41,42,30,26,39,53,64,61
2017-07-02,50,52,48,43,38,17,30,58,70,63
2017-07-03,36,55,64,42,38,23,42,61,73,78
2017-07-04,38,58,40,39,33,25,25,49,66,71
2017-07-05,49,66,35,44,28,20,34,49,64,66
2017-07-06,42,66,48,40,30,19,29,46,62,78
2017-07-07,32,59,57,38,30,22,26,50,76,53
2017-07-08,46,66,59,44,30,18,25,44,66,80
2017-07-09,37,68,62,37,30,21,26,62,70,65
2017-07-10,39,58,44,42,34,20,32,41,65,67
2017-07-11,33,56,41,40,33,21,34,50,63,77
2017-07-12,36,61,39,38,25,21,26,58,70,67
2017-07-13,43,64,50,39,23,16,27,50,69,63
2017-07-14,56,60,54,42,28,19,35,51,70,79
2017-07-15,40,63,46,40,37,25,40,51,74,64
2017-07-16,42,62,47,47,34,18,31,44,62,67
2017-07-17,54,54,35,54,25,23,33,51,71,55
2017-07-18,27,63,48,41,27,15,31,41,74,70
2017-07-19,49,60,46,40,25,18,37,50,68,61
2017-07-20,28,57,49,39,31,24,30,54,70,67
2017-07-21,53,58,53,48,25,17,40,64,68,71
2017-07-22,44,60,44,43,28,25,39,49,67,57
2017-07-23,31,73,45,43,30,14,34,54,72,60
2017-07-24,32,55,45,51,23,22,34,44,72,65
2017-07-25,45,52,42,40,33,21,34,49,68,68
2017-07-26,36,53,46,42,30,25,38,50,74,48
2017-07-27,43,58,54,52,28,21,25,63,72,58
2017-07-28,45,62,53,41,27,21,39,50,68,57
2017-07-29,40,66,49,39,31,18,35,46,66,59
2017-07-30,27,56,59,53,36,18,31,53,74,53
2017-07-31,44,58,60,48,34,22,35,53,74,73
2017-08-01,41,61,61,41,27,17,32,59,68,63
2017-08-02,42,65,50,51,33,21,27,50,67,64
2017-08-03,52,57,56,47,26,19,35,52,71,74
2017-08-04,37,56,47,48,30,21,32,57,68,71
2017-08-05,56,64,36,46,37,21,42,60,69,70
2017-08-06,40,61,61,43,27,13,38,50,73,54
2017-08-07,33,65,46,34,23,13,26,52,62,61
2017-08-08,51,57,56,48,25,16,36,65,67,59
2017-08-09,29,61,38,45,37,15,40,65,70,48
2017-08-10,57,57,41,47,30,23,31,62,72,49
2017-08-11,50,60,43,41,33,20,39,55,65,62
2017-08-12,43,61,47,45,33,22,27,70,67,56
2017-08-13,49,58,59,42,22,18,25,53,72,61
2017-08-14,41,60,40,46,24,15,31,56,78,66
2017-08-15,43,67,51,46,25,17,30,57,68,67
2017-08-16,45,59,49,49,37,20,30,62,64,50
2017-08-17,30,54,51,39,26,23,24,47,70,61
2017-08-18,45,60,53,40,38,23,28,59,66,71
2017-08-19,46,66,40,43,30,25,24,62,63,49
2017-08-20,44,60,57,43,33,20,39,54,70,56
2017-08-21,40,61,60,45,29,23,33,63,69,57
2017-08-22,35,64,62,41,34,16,26,65,73,66
2017-08-23,36,59,45,39,31,29,39,53,74,65
2017-08-24,22,58,49,47,35,19,35,50,70,59
2017-08-25,40,61,50,45,22,20,35,56,71,64
2017-08-26,30,66,49,43,32,16,29,57,72,59
2017-08-27,42,62,53,51,30,26,34,56,69,62
2017-08-28,37,59,44,42,32,19,39,59,73,72
2017-08-29,58,59,36,45,26,16,30,59,70,56
2017-08-30,42,57,64,44,36,18,40,62,63,69
2017-08-31,42,51,55,52,27,20,31,54,60,45
2017-09-01,37,57,47,42,28,22,34,45,63,63
2017-09-02,34,53,43,47,28,22,33,55,63,56
2017-09-03,41,59,53,48,27,18,32,61,66,52
2017-09-04,48,52,42,47,30,18,32,64,74,57
2017-09-05,41,62,51,33,19,18,33,62,71,59
2017-09-06,26,61,55,52,27,17,37,48,68,72
2017-09-07,37,62,50,41,37,21,29,49,65,58
2017-09-08,57,63,62,42,28,18,34,50,71,55
2017-09-09,48,52,46,43,27,27,32,69,69,51
2017-09-10,46,53,44,52,33,22,35,59,70,46
2017-09-11,44,60,42,44,26,20,39,55,63,65
2017-09-12,29,55,39,42,31,19,31,55,68,52
2017-09-13,40,56,54,42,26,13,37,54,75,59
2017-09-14,50,68,54,47,25,22,26,51,64,73
2017-09-15,27,65,59,49,31,19,25,48,63,52
2017-09-16,31,59,45,56,38,19,32,54,66,63
2017-09-17,41,64,39,47,26,18,24,46,65,68
2017-09-18,45,63,66,46,38,24,32,46,69,60
2017-09-19,39,64,38,32,30,15,28,55,77,62
2017-09-20,53,58,52,45,25,16,26,53,67,57
2017-09-21,39,62,53,50,30,23,35,63,64,67
2017-09-22,41,56,67,50,26,13,35,44,72,58
2017-09-23,44,58,64,47,33,14,35,50,66,58
2017-09-24,33,60,52,53,21,20,34,52,65,75
2017-09-25,51,67,45,46,23,16,39,47,68,60
2017-09-26,27,67,49,37,38,19,28,56,71,67
2017-09-27,42,61,35,54,30,22,32,47,66,57
2017-09-28,40,62,36,41,36,24,29,49,68,68
2017-09-29,41,68,39,47,38,16,41,45,73,49
2017-09-30,27,64,45,40,33,18,35,62,69,48
2017-10-01,34,64,49,35,31,18,31,62,68,60
2017-10-02,33,68,57,38,34,17,30,57,70,60
2017-10-03,40,54,42,38,30,12,28,59,65,61
2017-10-04,49,58,56,44,30,17,27,57,69,70
2017-10-05,38,68,41,40,29,17,31,54,70,72
2017-10-06,38,58,35,38,33,20,31,45,67,69
2017-10-07,29,65,50,43,28,17,25,65,68,68
2017-10-08,44,71,38,47,22,24,23,53,67,56
2017-10-09,41,63,40,44,32,22,26,57,70,53
2017-10-10,43,56,37,42,26,23,27,55,68,63
2017-10-11,51,58,45,39,40,17,34,60,72,66
2017-10-12,39,61,54,46,33,17,32,62,72,57
2017-10-13,21,74,49,48,37,19,39,66,68,59
2017-10-14,51,59,39,44,26,12,29,50,69,57
2017-10-15,37,64,54,45,33,18,42,55,64,66
2017-10-16,37,57,54,45,28,22,33,57,67,51
2017-10-17,36,62,58,43,25,20,27,48,65,63
2017-10-18,37,57,38,35,29,11,33,51,65,55
2017-10-19,36,66,44,40,37,18,27,69,70,45
2017-10-20,36,62,50,54,34,20,29,58,68,61
2017-10-21,50,60,48,41,27,24,39,65,72,63
2017-10-22,35,59,44,36,33,16,35,71,70,54
2017-10-23,31,64,50,41,25,27,32,63,61,57
2017-10-24,36,69,57,45,39,23,27,55,72,43
2017-10-25,47,64,50,37,29,18,31,47,69,53
2017-10-26,38,63,67,43,23,19,27,63,64,48
2017-10-27,25,62,56,41,36,20,33,49,70,62
2017-10-28,39,66,49,42,25,21,33,66,68,59
2017-10-29,46,73,45,41,39,13,31,60,64,58
2017-10-30,36,55,55,44,32,16,32,56,67,65
2017-10-31,35,72,55,42,29,17,29,49,65,64
2017-11-01,36,55,43,45,33,26,31,47,62,62
2017-11-02,31,61,58,56,37,20,20,67,66,59
2017-11-03,37,61,50,43,30,17,30,52,74,63
2017-11-04,30,59,46,41,26,16,38,69,68,46
2017-11-05,24,64,51,43,35,10,25,57,73,46
2017-11-06,30,67,67,46,31,20,33,63,70,61
2017-11-07,27,60,44,42,38,16,38,49,72,66
2017-11-08,41,57,49,44,31,12,34,47,65,56
2017-11-09,20,64,39,42,30,18,25,50,60,57
2017-11-10,22,57,58,48,37,24,32,52,68,43
2017-11-11,40,59,40,49,34,23,30,50,66,67
2017-11-12,44,67,43,52,40,19,33,57,71,65
2017-11-13,39,60,53,51,33,24,32,64,65,63
2017-11-14,35,70,56,41,28,25,26,62,66,68
2017-11-15,34,67,56,39,38,19,22,67,66,56
2017-11-16,45,63,49,50,34,20,31,69,66,60
2017-11-17,32,60,39,47,32,18,27,51,60,50
2017-11-18,50,63,61,47,43,13,29,65,74,50
2017-11-19,38,71,52,47,31,23,34,47,67,54
2017-11-20,40,60,56,36,34,14,32,69,62,55
2017-11-21,28,67,47,44,27,9,35,53,71,55
2017-11-22,34,55,51,48,29,14,28,69,65,60
2017-11-23,33,71,54,38,34,16,21,69,66,52
2017-11-24,34,54,52,45,24,15,31,61,64,60
2017-11-25,46,65,49,41,27,17,30,50,69,63
2017-11-26,36,64,43,51,24,17,37,52,69,48
2017-11-27,28,63,47,48,27,13,35,70,72,61
2017-11-28,43,70,51,50,27,17,26,48,63,69
2017-11-29,20,57,69,36,31,16,33,62,63,44
2017-11-30,35,60,53,52,33,19,36,51,62,55
2017-12-01,35,73,63,42,29,16,35,67,71,50
2017-12-02,46,71,54,61,27,21,35,58,71,66
2017-12-03,21,74,47,42,34,15,40,58,79,53
2017-12-04,29,68,52,57,34,11,28,62,74,59
2017-12-05,36,59,56,45,30,23,29,68,69,61
2017-12-06,48,66,59,49,31,15,29,66,67,57
2017-12-07,20,64,56,58,35,16,39,73,75,63
2017-12-08,42,65,60,48,39,13,26,49,67,50
2017-12-09,28,65,47,46,32,9,36,75,63,63
2017-12-10,47,67,62,48,39,12,24,60,71,57
2017-12-11,55,66,45,49,28,10,34,60,77,61
2017-12-12,41,63,55,49,32,24,35,56,73,57
2017-12-13,35,69,56,53,27,24,26,46,65,58
2017-12-14,39,55,62,45,36,19,28,72,64,54
2017-12-15,51,62,54,47,29,21,22,65,72,52
2017-12-16,39,70,55,51,36,9,28,58,74,57
2017-12-17,49,66,36,43,43,19,31,61,74,59
2017-12-18,41,62,37,44,34,10,27,47,64,53
2017-12-19,38,75,72,49,29,17,24,57,71,50
2017-12-20,20,60,46,44,25,16,31,70,70,42
2017-12-21,38,65,58,47,38,9,23,59,66,49
2017-12-22,41,62,56,58,34,16,41,69,78,46
2017-12-23,50,63,60,42,33,10,36,64,71,72
2017-12-24,26,57,55,36,24,22,26,67,72,75
2017-12-25,50,74,58,41,25,15,27,62,67,62
2017-12-26,42,59,55,54,29,28,32,63,70,39
2017-12-27,28,70,53,43,37,20,24,49,65,60
2017-12-28,34,60,50,48,36,18,26,52,65,59
2017-12-29,37,55,42,51,31,18,34,56,66,65
2017-12-30,41,65,50,45,33,16,37,65,65,65
2017-12-31,39,62,57,61,40,16,36,57,70,57
2018-01-01,40,65,58,47,19,25,27,60,67,49
2018-01-02,38,63,59,41,33,21,29,62,60,44
2018-01-03,40,64,51,54,38,11,21,52,68,53
2018-01-04,18,55,44,49,39,15,23,61,68,62
2018-01-05,45,69,73,49,29,23,30,60,69,47
2018-01-06,48,66,49,43,22,18,27,52,69,41
2018-01-07,27,64,53,42,39,14,24,62,65,51
2018-01-08,30,65,57,43,34,15,36,61,64,54
2018-01-09,41,62,40,49,22,15,33,66,68,49
2018-01-10,20,64,42,45,24,21,27,61,66,43
2018-01-11,41,59,40,53,38,14,37,60,61,59
2018-01-12,46,56,54,49,33,15,25,55,67,42
2018-01-13,25,66,47,45,23,13,31,61,66,63
2018-01-14,26,61,59,43,28,18,24,59,65,58
2018-01-15,28,60,39,44,24,19,29,45,69,46
2018-01-16,48,72,51,49,24,17,23,46,59,45
2018-01-17,42,59,53,37,27,19,29,67,63,58
2018-01-18,34,66,54,40,31,11,32,53,67,41
2018-01-19,41,63,59,42,38,19,24,60,66,65
2018-01-20,21,65,51,53,31,12,32,61,66,55
2018-01-21,43,66,50,44,26,23,28,70,67,54
2018-01-22,28,60,46,42,35,23,36,64,62,50
2018-01-23,23,66,41,51,23,19,22,56,69,55
2018-01-24,37,63,50,51,35,20,27,58,67,49
2018-01-25,20,72,41,35,33,20,34,65,59,46
2018-01-26,32,66,42,44,34,17,26,65,65,41
2018-01-27,31,61,49,56,25,23,28,58,63,48
2018-01-28,34,68,58,45,26,17,26,55,63,47
2018-01-29,40,55,52,51,28,21,36,51,60,50
2018-01-30,46,59,56,41,32,19,28,57,63,59
2018-01-31,25,63,41,45,32,8,33,67,65,52
2018-02-01,39,69,64,48,29,20,28,72,71,41
2018-02-02,35,60,54,49,27,15,24,54,64,50
2018-02-03,28,65,39,47,32,13,34,62,62,46
2018-02-04,38,64,44,45,40,14,29,66,63,45
2018-02-05,39,62,51,47,28,9,22,70,67,48
2018-02-06,33,62,48,58,24,16,25,50,64,51
2018-02-07,32,63,51,46,33,19,31,64,64,43
2018-02-08,37,62,56,56,29,15,19,63,70,46
2018-02-09,42,67,56,51,40,21,28,56,68,41
2018-02-10,35,63,51,44,31,17,34,58,67,48
2018-02-11,17,71,57,39,30,14,23,56,60,51
2018-02-12,13,61,56,50,31,21,30,63,59,47
2018-02-13,22,57,43,57,30,14,26,46,64,50
2018-02-14,41,62,61,48,21,12,29,66,60,40
2018-02-15,31,62,53,47,23,15,25,65,65,59
2018-02-16,26,59,52,48,32,18,26,58,69,49
2018-02-17,38,66,49,47,36,8,31,62,58,48
2018-02-18,17,60,33,57,37,21,33,68,63,58
2018-02-19,19,65,60,40,23,14,24,48,61,57
2018-02-20,22,60,62,50,21,17,31,74,67,49
2018-02-21,39,66,61,46,32,14,19,56,63,46
2018-02-22,30,57,51,39,30,16,27,59,66,47
2018-02-23,27,58,59,46,25,12,33,72,66,51
2018-02-24,35,60,69,48,37,22,24,61,65,34
2018-02-25,43,68,55,51,33,6,30,55,65,38
2018-02-26,30,65,41,51,37,13,31,58,60,42
2018-02-27,35,64,53,52,28,21,35,56,60,56
2018-02-28,28,66,58,43,32,14,36,58,69,51
2018-03-01,37,68,58,49,35,9,24,50,62,31
2018-03-02,19,66,49,43,29,18,31,59,60,43
2018-03-03,28,59,47,47,20,12,31,55,64,55
2018-03-04,30,67,54,45,24,16,33,57,64,56
2018-03-05,29,54,63,41,20,10,21,63,67,44
2018-03-06,26,54,47,40,26,22,29,67,63,47
2018-03-07,13,62,62,58,30,14,24,56,65,45
2018-03-08,36,60,50,43,28,22,24,61,61,51
2018-03-09,30,69,64,47,29,13,30,60,60,49
2018-03-10,29,72,39,49,23,9,27,71,61,40
2018-03-11,29,59,42,48,30,14,36,57,64,45
2018-03-12,40,53,48,45,30,13,27,70,58,54
2018-03-13,31,61,58,39,34,13,37,54,60,61
2018-03-14,19,66,62,43,32,11,37,53,60,39
2018-03-15,37,69,57,55,29,6,25,73,60,45
2018-03-16,41,60,53,42,31,13,22,66,67,44
2018-03-17,35,66,68,50,36,17,21,65,65,41
2018-03-18,34,70,51,45,29,12,28,60,67,48
2018-03-19,27,64,38,49,32,9,22,65,63,36
2018-03-20,22,67,53,46,22,14,25,66,59,35
2018-03-21,32,63,51,47,31,14,20,60,65,52
2018-03-22,27,63,62,45,32,14,19,72,57,47
2018-03-23,25,57,53,53,30,21,19,76,69,43
2018-03-24,26,69,60,48,25,11,24,62,66,30
2018-03-25,39,59,59,56,31,13,30,73,64,29
2018-03-26,35,62,64,46,29,13,22,49,64,49
2018-03-27,15,57,48,52,36,14,24,65,59,44
2018-03-28,23,63,46,58,24,22,26,67,70,47
2018-03-29,30,64,59,40,22,17,34,56,70,35
2018-03-30,24,65,46,55,34,19,34,67,63,48
2018-03-31,27,71,63,52,19,17,38,78,66,52
2018-04-01,41,62,48,39,19,18,27,65,60,46
2018-04-02,48,65,54,47,25,14,23,55,69,38
2018-04-03,24,63,58,47,28,14,22,53,70,35
2018-04-04,44,65,52,47,30,19,21,58,61,36
2018-04-05,35,66,54,44,30,14,34,67,64,45
2018-04-06,32,67,43,43,30,13,35,63,70,43
2018-04-07,27,59,67,47,32,10,31,77,66,40
2018-04-08,31,63,46,46,24,19,27,68,69,34
2018-04-09,18,58,54,37,26,19,35,56,62,44
2018-04-10,34,67,50,47,28,19,24,55,67,38
2018-04-11,39,63,56,38,31,5,27,76,64,32
2018-04-12,25,69,47,41,28,13,26,73,68,40
2018-04-13,37,56,63,52,33,19,20,70,62,46
2018-04-14,21,58,43,50,34,22,26,64,63,38
2018-04-15,37,69,66,49,26,16,29,56,60,46
2018-04-16,29,62,56,45,33,14,23,57,59,45
2018-04-17,28,68,51,50,30,12,32,73,68,38
2018-04-18,19,58,61,37,31,19,33,67,58,45
2018-04-19,41,69,48,54,31,15,28,64,66,34
2018-04-20,43,56,69,44,37,12,26,60,64,43
2018-04-21,30,62,52,57,31,15,25,66,57,49
2018-04-22,39,71,72,51,37,15,29,63,63,45
2018-04-23,34,71,55,46,39,14,31,59,58,48
2018-04-24,35,67,50,44,21,10,32,58,65,51
2018-04-25,26,57,60,49,20,10,27,66,71,48
2018-04-26,28,67,58,49,25,12,18,56,58,42
2018-04-27,23,65,58,49,27,15,30,67,65,38
2018-04-28,17,71,62,44,28,12,27,69,64,44
2018-04-29,33,67,51,44,20,15,27,79,70,48
2018-04-30,48,68,45,53,32,18,24,82,65,57
2018-05-01,13,62,54,52,22,15,29,62,56,27
2018-05-02,14,70,56,43,28,8,25,67,63,33
2018-05-03,29,54,55,46,28,12,35,56,66,36
2018-05-04,20,68,50,54,34,15,36,65,56,50
2018-05-05,19,69,42,53,28,14,30,50,57,30
2018-05-06,31,70,66,55,30,20,29,69,60,48
2018-05-07,40,71,34,54,29,5,33,69,64,41
2018-05-08,28,69,60,42,33,13,21,72,59,26
2018-05-09,33,67,57,41,26,14,31,69,66,38
2018-05-10,25,66,53,48,35,17,32,53,66,40
2018-05-11,24,56,57,41,32,16,17,64,64,31
2018-05-12,45,70,54,49,25,12,36,66,58,37
2018-05-13,22,68,61,53,31,12,26,62,60,40
2018-05-14,38,71,66,49,28,13,23,59,66,33
2018-05-15,23,65,60,48,27,11,28,63,55,37
2018-05-16,30,73,55,43,31,11,27,76,61,40
2018-05-17,29,65,47,47,36,17,20,60,67,30
2018-05-18,29,66,58,54,22,11,32,65,61,36
2018-05-19,38,60,43,49,28,16,27,76,63,26
2018-05-20,31,60,73,42,24,14,29,63,65,53
2018-05-21,40,71,53,48,35,13,27,65,63,53
2018-05-22,31,72,56,51,28,13,18,60,64,36
2018-05-23,24,65,69,50,25,11,23,58,62,39
2018-05-24,25,69,65,45,35,7,19,62,65,35
2018-05-25,22,68,54,49,29,14,27,62,64,43
2018-05-26,23,67,60,42,28,18,28,67,66,46
2018-05-27,28,63,49,43,35,7,26,78,68,31
2018-05-28,26,67,42,50,28,15,21,58,67,35
2018-05-29,39,64,59,47,27,13,28,59,61,31
2018-05-30,38,64,69,48,33,14,29,65,60,42
2018-05-31,39,60,61,46,20,12,28,58,55,43
2018-06-01,36,57,68,51,29,18,23,64,64,36
2018-06-02,40,61,54,58,27,17,25,73,61,39
2018-06-03,44,64,47,53,26,9,31,58,66,29
2018-06-04,27,67,44,40,30,18,20,62,55,48
2018-06-05,28,72,54,45,33,7,18,61,63,50
2018-06-06,17,64,53,52,20,12,32,56,57,31
2018-06-07,36,52,51,43,21,12,28,72,61,28
2018-06-08,41,71,43,47,34,18,25,66,66,43
2018-06-09,20,68,60,45,35,8,27,68,64,45
2018-06-10,43,69,54,54,30,18,34,75,62,42
2018-06-11,29,73,45,51,24,15,24,63,61,19
2018-06-12,26,64,50,44,30,19,28,66,59,36
2018-06-13,17,63,62,55,28,6,25,60,63,41
2018-06-14,48,54,62,46,23,15,20,72,64,28
2018-06-15,29,69,55,46,28,19,17,75,61,32
2018-06-16,40,63,53,51,38,17,25,70,67,35
2018-06-17,16,72,55,52,23,17,35,74,64,41
2018-06-18,28,59,58,43,23,21,20,65,59,50
2018-06-19,40,62,47,47,30,13,20,65,63,44
2018-06-20,38,63,55,45,29,11,32,75,57,39
2018-06-21,24,65,38,47,28,14,34,50,60,44
2018-06-22,36,60,46,54,21,17,20,62,66,28
2018-06-23,31,69,65,49,24,13,31,64,63,47
2018-06-24,32,68,69,52,25,16,30,67,53,53
2018-06-25,27,70,53,52,19,10,36,71,67,40
2018-06-26,26,66,52,48,30,11,24,53,59,49
2018-06-27,40,68,56,59,33,18,27,60,55,39
2018-06-28,39,65,53,55,29,8,20,69,68,39
2018-06-29,30,62,70,49,32,18,28,67,63,46
2018-06-30,29,59,53,46,36,13,22,62,57,36
2018-07-01,30,61,50,54,32,10,25,63,65,39
2018-07-02,15,66,43,46,41,18,26,66,58,35
2018-07-03,25,57,47,48,33,6,27,60,63,29
2018-07-04,37,58,65,46,26,13,30,68,63,29
2018-07-05,35,59,37,44,34,15,32,58,65,33
2018-07-06,31,60,61,60,30,12,20,56,62,28
2018-07-07,30,65,61,45,33,10,19,79,65,31
2018-07-08,27,58,54,53,22,9,32,70,56,28
2018-07-09,26,69,57,49,24,11,28,79,57,26
2018-07-10,16,56,41,47,31,12,29,79,59,33
2018-07-11,35,59,49,51,21,9,28,62,61,32
2018-07-12,35,66,56,46,28,21,26,73,62,23
2018-07-13,30,66,49,51,24,16,28,82,62,32
2018-07-14,21,70,43,58,22,14,32,79,54,26
2018-07-15,26,66,51,50,28,13,22,71,62,38
2018-07-16,38,59,48,47,18,18,28,67,59,33
2018-07-17,24,63,43,58,25,12,24,59,59,31
2018-07-18,34,73,58,51,32,12,34,52,64,28
2018-07-19,31,66,50,42,22,18,27,69,60,24
2018-07-20,33,76,54,47,28,8,26,52,64,47
2018-07-21,43,66,48,59,37,12,27,63,56,41
2018-07-22,26,70,48,46,30,7,27,56,59,35
2018-07-23,28,63,48,44,37,18,29,57,63,42
2018-07-24,26,74,58,50,28,12,22,53,52,31
2018-07-25,16,55,51,44,27,10,30,68,53,45
2018-07-26,29,61,51,42,19,13,35,50,54,37
2018-07-27,32,72,63,49,34,15,23,57,62,33
2018-07-28,35,61,51,41,18,5,21,66,52,37
2018-07-29,30,71,50,50,33,9,31,65,56,40
2018-07-30,27,69,64,55,22,14,36,78,62,39
2018-07-31,27,73,50,44,32,13,26,67,54,38
2018-08-01,16,71,57,51,23,15,21,57,57,28
2018-08-02,19,64,65,37,34,8,26,54,59,36
2018-08-03,28,65,54,43,28,16,24,51,57,45
2018-08-04,33,65,60,48,28,15,27,63,58,34
2018-08-05,26,60,51,53,23,5,20,70,63,33
2018-08-06,38,62,54,56,37,22,25,79,60,27
2018-08-07,19,55,61,50,20,14,31,68,62,24
2018-08-08,41,69,56,50,32,20,23,64,64,37
2018-08-09,20,60,60,51,25,16,23,58,59,18
2018-08-10,21,70,60,47,25,16,34,67,59,39
2018-08-11,40,73,57,49,35,14,18,68,56,38
2018-08-12,38,66,44,50,21,15,34,69,55,31
2018-08-13,17,64,54,59,30,12,25,71,56,34
2018-08-14,24,56,54,56,34,17,28,75,65,32
2018-08-15,16,64,63,51,22,15,24,71,53,36
2018-08-16,29,62,73,52,39,12,22,59,64,46
2018-08-17,19,72,58,50,37,11,24,69,64,49
2018-08-18,32,72,44,54,24,13,23,66,59,40
2018-08-19,37,66,60,59,34,12,21,74,60,38
2018-08-20,27,63,56,45,36,13,21,66,62,35
2018-08-21,42,72,49,50,22,14,25,74,56,34
2018-08-22,23,68,63,53,24,17,20,62,62,40
2018-08-23,26,67,41,43,25,10,29,73,58,22
2018-08-24,21,76,57,49,24,10,34,72,53,17
2018-08-25,34,73,60,42,28,17,20,66,54,32
2018-08-26,21,65,38,53,19,15,21,60,58,33
2018-08-27,36,64,66,57,38,13,21,71,60,24
2018-08-28,47,70,52,49,37,15,26,61,51,23
2018-08-29,46,63,55,51,38,16,21,62,58,37
2018-08-30,31,53,55,48,30,15,27,68,60,40
2018-08-31,27,61,50,51,22,11,26,77,51,24
2018-09-01,32,65,54,48,34,11,23,71,66,37
2018-09-02,41,70,53,43,25,13,26,61,51,41
2018-09-03,36,55,52,59,26,7,31,60,52,34
2018-09-04,31,68,66,63,41,20,26,73,56,44
2018-09-05,35,57,73,48,35,20,23,69,64,40
2018-09-06,21,66,52,52,27,17,23,61,61,28
2018-09-07,21,62,58,59,31,10,19,75,62,20
2018-09-08,42,74,56,44,31,14,24,64,61,22
2018-09-09,19,63,44,40,25,14,27,82,59,43
2018-09-10,31,67,68,51,33,9,17,62,54,33
2018-09-11,24,67,64,48,29,13,17,61,57,37
2018-09-12,22,68,59,46,21,14,18,78,57,29
2018-09-13,33,60,51,53,28,16,24,61,55,22
2018-09-14,12,66,58,47,39,12,27,62,60,40
2018-09-15,45,68,74,51,35,15,36,60,56,36
2018-09-16,36,63,62,42,33,12,22,60,52,41
2018-09-17,30,73,53,52,40,11,35,74,57,35
2018-09-18,17,62,59,50,31,16,23,65,58,24
2018-09-19,41,65,38,47,27,15,20,61,54,31
2018-09-20,44,73,52,53,29,14,27,65,59,25
2018-09-21,25,68,51,45,31,13,30,58,54,36
2018-09-22,24,68,53,43,24,17,20,80,53,31
2018-09-23,36,72,63,51,32,12,15,70,57,25
2018-09-24,27,67,51,45,30,8,29,68,55,32
2018-09-25,13,55,49,58,31,18,16,64,56,34
2018-09-26,19,68,48,55,28,15,34,78,59,29
2018-09-27,22,67,52,48,24,7,26,68,61,25
2018-09-28,29,76,45,45,30,13,29,78,54,14
2018-09-29,36,63,61,50,29,17,20,67,60,17
2018-09-30,28,70,54,50,35,11,21,58,53,29
2018-10-01,25,62,47,48,22,15,25,68,63,30
2018-10-02,41,68,44,49,26,13,25,69,53,33
2018-10-03,44,73,65,47,27,7,26,70,57,36
2018-10-04,38,62,49,43,28,16,26,73,54,23
2018-10-05,33,72,66,49,28,14,36,60,55,18
2018-10-06,51,66,69,54,30,23,22,67,57,24
2018-10-07,27,75,56,44,32,19,26,70,57,26
2018-10-08,37,60,52,56,24,11,21,65,55,40
2018-10-09,23,69,51,47,27,17,28,80,60,32
2018-10-10,28,71,50,59,39,16,27,60,61,34
2018-10-11,24,69,60,48,20,13,30,61,56,22
2018-10-12,39,62,52,39,39,18,26,65,56,18
2018-10-13,29,67,72,54,26,14,31,73,58,19
2018-10-14,37,66,62,52,28,14,28,64,57,30
2018-10-15,29,71,69,52,26,14,21,62,55,28
2018-10-16,29,57,62,48,23,18,31,80,52,42
2018-10-17,37,72,50,51,33,7,21,65,58,38
2018-10-18,37,65,61,51,27,13,20,69,51,24
2018-10-19,42,66,43,43,32,6,31,64,59,41
2018-10-20,32,75,47,45,36,11,17,65,49,26
2018-10-21,35,64,41,46,25,8,19,70,55,38
2018-10-22,34,70,60,42,23,15,30,64,56,19
2018-10-23,31,64,57,45,38,9,32,78,60,35
2018-10-24,33,67,62,48,27,14,34,63,50,38
2018-10-25,25,65,65,49,22,11,18,61,55,18
2018-10-26,39,54,62,49,21,7,25,79,53,23
2018-10-27,35,68,64,51,28,16,26,66,54,17
2018-10-28,28,63,63,56,43,19,15,74,56,34
2018-10-29,36,58,56,58,22,15,14,75,58,36
2018-10-30,49,66,46,51,23,9,31,60,61,29
2018-10-31,35,60,44,53,38,21,19,74,56,34
2018-11-01,40,69,52,50,27,17,30,64,53,18
2018-11-02,45,57,60,43,32,14,19,59,57,27
2018-11-03,44,60,66,57,29,17,23,73,54,35
2018-11-04,49,74,58,58,41,11,19,69,61,29
2018-11-05,34,76,53,48,35,20,20,71,60,22
2018-11-06,42,58,61,52,40,17,25,69,56,42
2018-11-07,30,58,50,51,33,12,21,65,52,22
2018-11-08,32,62,62,52,31,13,22,65,58,13
2018-11-09,28,66,52,42,29,14,23,74,59,35
2018-11-10,17,71,64,57,25,21,23,66,55,31
2018-11-11,43,73,73,61,36,17,31,63,54,19
2018-11-12,28,63,52,48,26,19,25,64,52,19
2018-11-13,37,70,74,50,37,13,30,69,53,25
2018-11-14,33,65,51,49,30,14,25,64,61,35
2018-11-15,23,67,59,47,24,21,22,73,51,25
2018-11-16,40,66,48,44,37,12,17,61,60,29
2018-11-17,23,77,54,55,27,11,21,74,58,17
2018-11-18,26,75,48,46,35,8,21,69,60,28
2018-11-19,23,69,56,51,30,15,15,83,51,29
2018-11-20,38,78,56,54,39,17,25,63,58,41
2018-11-21,29,55,59,42,29,16,25,79,56,25
2018-11-22,47,59,61,38,20,6,20,70,60,27
2018-11-23,50,68,64,42,19,14,29,71,61,38
2018-11-24,33,71,38,57,32,12,22,63,54,16
2018-11-25,30,68,70,61,27,13,24,70,61,26
2018-11-26,25,68,63,54,19,11,27,70,52,45
2018-11-27,41,66,62,48,34,24,23,72,55,27
2018-11-28,47,57,64,58,31,15,31,76,59,28
2018-11-29,34,72,78,52,26,12,31,86,58,27
2018-11-30,45,74,68,43,38,11,31,72,56,25
2018-12-01,42,63,53,64,33,7,21,76,56,36
2018-12-02,52,78,61,58,33,6,29,69,55,20
2018-12-03,51,65,59,59,24,23,16,61,62,33
2018-12-04,27,76,62,53,28,10,20,86,61,28
2018-12-05,31,76,64,47,32,22,15,76,65,27
2018-12-06,36,66,44,45,26,18,27,76,58,26
2018-12-07,47,65,45,60,37,7,22,88,58,33
2018-12-08,47,62,66,57,35,10,21,76,56,17
2018-12-09,49,70,56,55,32,15,25,66,55,39
2018-12-10,39,71,51,45,39,8,20,66,52,32
2018-12-11,18,78,64,51,34,16,26,81,53,32
2018-12-12,42,74,51,56,33,11,18,75,51,31
2018-12-13,29,69,63,53,23,18,34,66,54,19
2018-12-14,44,66,42,64,34,9,16,76,54,30
2018-12-15,36,68,70,52,29,20,25,70,58,25
2018-12-16,50,68,68,53,40,10,26,75,54,20
2018-12-17,40,69,58,41,32,15,25,63,57,33
2018-12-18,34,73,57,56,40,17,26,69,53,29
2018-12-19,44,61,60,53,31,20,21,72,57,35
2018-12-20,55,71,50,47,40,20,15,74,59,17
2018-12-21,46,59,54,43,29,18,28,73,53,30
2018-12-22,43,62,40,55,36,16,21,80,52,24
2018-12-23,25,70,59,45,21,18,30,73,57,39
2018-12-24,53,76,69,45,27,19,23,75,59,30
2018-12-25,52,63,52,47,32,12,26,64,52,38
2018-12-26,42,71,76,64,29,18,23,70,58,33
2018-12-27,37,79,73,51,29,23,26,87,58,33
2018-12-28,46,72,59,49,32,23,24,78,54,32
2018-12-29,27,66,46,54,38,25,36,62,52,12
2018-12-30,34,73,72,53,27,13,24,75,49,37
2018-12-31,45,66,70,47,33,18,23,79,55,22
2019-01-01,33,65,58,58,30,19,27,75,57,19
2019-01-02,42,66,47,57,30,14,24,65,53,34
2019-01-03,18,70,54,50,31,20,24,79,53,19
2019-01-04,37,65,59,56,36,10,27,64,50,26
2019-01-05,30,65,54,54,39,13,19,76,51,26
2019-01-06,43,72,62,54,33,7,25,65,59,30
2019-01-07,50,67,57,48,21,15,28,82,53,25
2019-01-08,21,61,61,44,26,16,25,81,53,26
2019-01-09,29,65,63,63,36,12,19,76,49,37
2019-01-10,30,76,59,49,41,12,18,69,55,33
2019-01-11,50,73,64,47,19,16,16,77,55,30
2019-01-12,46,78,58,47,32,14,20,73,56,31
2019-01-13,35,71,64,52,37,16,25,58,56,36
2019-01-14,16,59,65,50,35,9,20,78,54,33
2019-01-15,32,59,47,55,29,20,24,66,52,20
2019-01-16,46,69,54,41,37,15,18,70,54,31
2019-01-17,46,66,69,55,33,20,12,68,53,38
2019-01-18,45,60,58,45,30,15,21,65,46,22
2019-01-19,49,76,48,57,37,20,33,71,53,19
2019-01-20,35,57,54,44,30,16,21,69,54,26
2019-01-21,29,63,53,45,26,8,13,75,56,19
2019-01-22,32,62,51,54,30,19,26,73,45,21
2019-01-23,34,69,56,44,26,12,25,64,46,24
2019-01-24,46,61,45,50,28,16,24,66,52,21
2019-01-25,33,56,64,52,32,10,24,77,52,38
2019-01-26,47,78,53,41,37,14,18,64,59,34
2019-01-27,53,79,53,54,32,23,18,69,44,23
2019-01-28,36,76,43,50,30,12,29,81,51,26
2019-01-29,41,67,65,59,35,15,27,69,54,29
2019-01-30,48,65,65,50,19,23,28,72,57,24
2019-01-31,33,63,51,48,25,10,12,61,50,39
2019-02-01,43,62,62,55,28,14,31,66,52,31
2019-02-02,36,66,44,47,23,18,27,77,48,20
2019-02-03,35,63,49,42,27,17,26,70,54,30
2019-02-04,51,61,53,49,36,22,26,77,53,16
2019-02-05,20,72,60,42,34,16,28,61,53,25
2019-02-06,48,61,61,52,23,22,11,76,54,17
2019-02-07,30,60,52,41,24,14,21,72,54,21
2019-02-08,53,71,45,55,39,11,17,78,47,22
2019-02-09,52,63,42,56,29,21,19,57,46,28
2019-02-10,21,68,72,57,31,6,29,66,48,29
2019-02-11,25,73,57,52,30,11,23,78,51,19
2019-02-12,44,66,63,45,21,10,15,68,50,25
2019-02-13,41,70,62,60,32,20,19,64,54,38
2019-02-14,44,57,73,58,23,15,19,71,46,31
2019-02-15,35,79,56,46,29,16,27,83,50,29
2019-02-16,53,68,43,55,23,16,29,83,53,36
2019-02-17,57,67,67,52,27,22,27,78,51,26
2019-02-18,40,73,73,56,33,21,28,83,53,22
2019-02-19,30,61,61,55,33,12,20,74,49,40
2019-02-20,30,58,66,43,21,13,18,77,49,27
2019-02-21,32,68,51,49,22,16,15,69,52,25
2019-02-22,31,72,61,49,30,16,23,69,47,32
2019-02-23,38,78,58,54,29,17,17,59,51,33
2019-02-24,44,63,55,54,22,12,30,77,53,35
2019-02-25,45,61,68,48,35,21,25,62,51,27
2019-02-26,30,64,76,46,22,16,23,58,53,26
2019-02-27,56,73,50,54,39,15,27,73,53,39
2019-02-28,47,67,61,53,29,14,22,76,48,25
2019-03-01,30,68,41,59,27,20,17,80,53,32
2019-03-02,57,77,54,54,33,20,17,63,51,24
2019-03-03,35,69,47,57,28,20,28,68,52,26
2019-03-04,48,69,42,48,34,12,23,71,53,31
2019-03-05,46,58,47,38,26,16,10,67,46,41
2019-03-06,43,70,52,53,28,22,14,77,45,40
2019-03-07,37,74,62,58,32,8,20,64,52,26
2019-03-08,30,67,59,55,37,17,30,79,52,27
2019-03-09,34,70,60,57,42,18,26,63,50,33
2019-03-10,34,69,47,57,30,22,18,71,49,46
2019-03-11,48,64,59,46,27,11,20,71,57,39
2019-03-12,43,66,52,43,24,17,19,85,46,31
2019-03-13,42,72,45,50,28,14,22,80,46,30
2019-03-14,42,76,50,50,36,22,20,58,52,29
2019-03-15,40,66,47,56,26,12,23,75,54,33
2019-03-16,41,69,63,49,32,18,21,75,49,28
2019-03-17,37,69,54,48,33,22,25,77,56,18
2019-03-18,29,68,70,44,30,15,28,67,51,36
2019-03-19,31,70,53,62,30,14,17,71,50,26
2019-03-20,44,68,63,61,37,18,24,63,43,17
2019-03-21,50,63,55,48,38,10,22,71,49,34
2019-03-22,39,73,59,49,33,12,19,87,51,36
2019-03-23,47,65,69,54,25,21,27,70,44,34
2019-03-24,46,72,50,54,34,21,17,82,50,22
2019-03-25,45,61,49,43,27,14,25,65,46,37
2019-03-26,31,75,69,48,24,11,25,74,50,34
2019-03-27,42,59,57,46,35,18,23,70,52,30
2019-03-28,42,66,63,49,29,15,23,72,43,34
2019-03-29,23,62,58,46,22,16,16,88,50,23
2019-03-30,44,61,59,53,28,19,26,75,49,33
2019-03-31,41,57,42,59,25,22,22,70,50,28
2019-04-01,43,62,41,52,32,12,23,65,50,21
2019-04-02,41,68,49,57,34,16,19,70,50,46
2019-04-03,25,65,62,49,28,22,10,70,53,24
2019-04-04,31,61,56,52,30,16,19,65,49,30
2019-04-05,57,62,51,58,37,17,33,67,49,42
2019-04-06,44,78,57,51,23,19,21,73,51,20
2019-04-07,30,63,54,50,34,26,15,75,50,44
2019-04-08,47,58,44,63,27,15,19,67,43,34
2019-04-09,31,72,60,46,28,12,23,65,49,38
2019-04-10,56,70,61,49,33,15,14,80,52,29
2019-04-11,23,74,72,49,24,20,14,67,55,32
2019-04-12,50,71,58,53,36,19,19,71,54,44
2019-04-13,36,76,41,54,33,22,25,69,52,32
2019-04-14,47,68,75,52,29,15,22,64,47,17
2019-04-15,46,64,73,39,31,16,24,76,45,30
2019-04-16,42,61,57,55,28,13,23,72,54,32
2019-04-17,27,70,50,53,20,17,23,85,46,38
2019-04-18,46,60,76,54,25,21,27,57,51,32
2019-04-19,30,66,66,61,29,23,27,61,53,26
2019-04-20,29,68,46,57,31,12,19,88,48,40
2019-04-21,43,77,46,52,29,17,19,72,50,31
2019-04-22,53,68,62,43,30,23,24,77,50,26
2019-04-23,44,68,49,51,29,20,25,66,50,24
2019-04-24,38,65,60,59,39,13,19,80,55,35
2019-04-25,43,62,55,50,29,25,15,70,51,42
2019-04-26,49,77,59,49,26,10,16,73,45,29
2019-04-27,33,67,69,45,41,14,28,72,51,43
2019-04-28,52,74,52,54,29,22,14,70,44,49
2019-04-29,49,69,50,49,41,21,21,70,54,34
2019-04-30,42,75,48,53,35,13,18,79,48,30
2019-05-01,53,63,59,59,27,21,25,83,46,27
2019-05-02,27,67,62,45,36,21,23,72,49,41
2019-05-03,33,79,69,48,25,23,22,73,40,17
2019-05-04,45,68,49,49,28,18,20,83,50,34
2019-05-05,51,72,47,57,38,27,23,67,44,28
2019-05-06,39,71,55,54,28,11,21,84,45,35
2019-05-07,29,76,64,58,40,21,26,68,46,28
2019-05-08,46,73,65,50,27,17,15,71,44,33
2019-05-09,47,70,49,48,29,11,21,68,43,34
2019-05-10,46,75,59,51,32,13,17,75,48,23
2019-05-11,49,73,78,46,31,15,13,83,54,47
2019-05-12,55,76,65,44,30,22,22,89,47,35
2019-05-13,45,66,56,54,26,16,16,62,43,32
2019-05-14,34,61,60,60,38,14,13,76,45,39
2019-05-15,38,70,65,46,39,17,24,71,40,34
2019-05-16,54,62,67,51,26,21,17,73,44,33
2019-05-17,36,65,68,54,23,16,27,73,47,29
2019-05-18,39,68,49,58,35,24,14,68,41,34
2019-05-19,39,61,69,51,36,22,23,58,43,27
2019-05-20,46,80,67,50,37,24,30,69,50,34
2019-05-21,48,67,71,51,30,13,19,66,42,34
2019-05-22,50,67,41,47,41,18,21,88,48,34
2019-05-23,39,73,59,55,33,14,15,65,48,46
2019-05-24,56,59,62,53,20,24,23,71,44,45
2019-05-25,57,62,56,52,26,23,31,70,48,53
2019-05-26,55,67,57,48,27,18,22,72,51,41
2019-05-27,57,66,42,53,36,21,28,84,50,35
2019-05-28,44,71,57,53,32,16,26,89,50,40
2019-05-29,45,68,62,59,22,18,28,69,45,21
2019-05-30,41,67,60,54,30,23,25,78,40,43
2019-05-31,53,62,79,44,26,12,20,67,49,35
2019-06-01,55,70,57,45,31,27,24,66,49,33
2019-06-02,56,77,53,53,24,12,29,81,53,42
2019-06-03,40,70,51,51,34,18,27,72,53,35
2019-06-04,45,61,47,41,24,10,28,73,48,48
2019-06-05,43,66,46,57,36,20,13,77,49,30
2019-06-06,39,63,47,46,23,14,28,68,48,44
2019-06-07,59,66,45,52,24,18,13,74,40,42
2019-06-08,43,80,80,48,35,19,19,76,49,43
2019-06-09,56,65,63,46,34,17,16,66,51,35
2019-06-10,41,63,48,51,39,22,15,76,48,48
2019-06-11,64,60,61,63,26,26,16,79,50,36
2019-06-12,54,60,50,50,22,23,21,77,40,44
2019-06-13,65,68,49,59,33,21,15,63,52,40
2019-06-14,32,74,42,65,34,21,24,73,44,48
2019-06-15,55,80,52,59,30,19,26,64,40,36
2019-06-16,46,73,61,50,32,22,15,69,48,35
2019-06-17,46,70,60,49,36,22,18,62,42,39
2019-06-18,50,71,64,43,30,16,23,67,43,43
2019-06-19,46,67,55,49,21,22,28,78,46,34
2019-06-20,52,69,46,53,20,16,20,62,42,34
2019-06-21,38,72,54,55,30,15,21,63,48,40
2019-06-22,37,68,59,61,34,18,20,78,46,43
2019-06-23,56,72,58,49,30,21,22,83,49,35
2019-06-24,57,66,67,48,31,24,22,67,45,53
2019-06-25,37,72,69,44,29,21,13,79,42,30
2019-06-26,57,71,52,51,29,21,22,77,46,47
2019-06-27,33,77,78,61,32,17,27,75,42,39
2019-06-28,51,67,63,39,42,27,14,81,43,52
2019-06-29,40,66,48,42,37,15,16,75,47,36
2019-06-30,44,70,57,49,24,20,18,73,48,36
2019-07-01,34,64,59,51,30,18,12,89,49,41
2019-07-02,50,72,53,49,37,27,30,70,43,51
2019-07-03,44,77,64,55,28,22,17,75,45,45
2019-07-04,55,68,46,57,18,19,20,80,50,42
2019-07-05,44,71,76,55,34,21,27,69,48,44
2019-07-06,40,67,49,50,19,17,15,81,39,38
2019-07-07,62,70,59,57,27,25,27,73,43,30
2019-07-08,46,71,58,58,28,20,24,72,39,40
2019-07-09,57,69,53,44,36,19,23,76,46,42
2019-07-10,60,73,69,51,34,19,14,75,45,57
2019-07-11,41,70,59,50,33,15,23,63,45,52
2019-07-12,61,61,71,56,35,14,18,69,39,53
2019-07-13,66,71,61,47,28,20,16,64,48,34
2019-07-14,47,66,76,53,35,20,20,64,44,42
2019-07-15,52,64,53,58,35,15,20,73,45,26
2019-07-16,45,68,52,49,30,21,21,74,43,50
2019-07-17,41,79,50,46,26,17,21,68,43,37
2019-07-18,37,63,59,62,24,18,14,77,49,39
2019-07-19,56,65,66,61,39,22,18,81,45,33
2019-07-20,59,67,54,58,28,21,22,74,41,53
2019-07-21,55,75,67,57,37,15,22,68,40,27
2019-07-22,51,67,57,51,26,23,21,71,38,59
2019-07-23,49,60,54,51,34,21,24,64,38,47
2019-07-24,47,62,56,59,20,16,22,76,36,43
2019-07-25,63,78,66,54,32,20,15,65,42,35
2019-07-26,53,70,65,53,33,21,26,70,43,43
2019-07-27,40,73,43,62,29,25,15,88,40,57
2019-07-28,64,63,67,49,26,20,21,71,44,31
2019-07-29,47,73,52,57,29,17,22,61,39,47
2019-07-30,42,67,63,46,29,24,22,73,45,45
2019-07-31,58,61,53,58,22,16,11,69,41,43
2019-08-01,71,62,64,52,38,20,29,62,43,46
2019-08-02,45,73,65,48,35,21,17,75,49,51
2019-08-03,48,67,71,64,36,23,19,74,42,52
2019-08-04,64,65,63,48,37,20,20,77,37,33
2019-08-05,47,63,73,52,38,24,25,85,43,48
2019-08-06,59,68,66,62,27,25,16,67,44,56
2019-08-07,43,72,60,56,39,20,20,62,45,42
2019-08-08,46,67,58,59,38,26,13,71,49,34
2019-08-09,52,68,65,59,22,28,17,80,44,50
2019-08-10,50,72,49,44,30,22,21,76,40,52
2019-08-11,44,61,59,52,33,24,18,64,44,38
2019-08-12,54,74,49,61,32,25,21,79,43,29
2019-08-13,38,73,55,54,26,28,27,77,40,56
2019-08-14,50,65,73,54,32,21,18,84,43,36
2019-08-15,40,83,44,54,32,24,18,81,37,47
2019-08-16,51,73,52,59,32,20,24,74,44,39
2019-08-17,53,71,55,45,31,23,19,71,48,57
2019-08-18,70,72,42,51,33,26,25,69,40,33
2019-08-19,38,65,70,44,32,18,27,87,48,42
2019-08-20,46,62,52,44,27,16,20,76,39,59
2019-08-21,55,66,48,47,37,21,13,77,40,45
2019-08-22,53,74,60,55,35,24,19,69,44,49
2019-08-23,58,63,71,54,28,24,13,73,40,49
2019-08-24,44,76,56,52,34,19,23,83,36,55
2019-08-25,52,67,56,47,27,19,22,73,45,41
2019-08-26,73,63,75,56,33,24,28,76,49,37
2019-08-27,59,69,75,57,30,28,20,71,46,43
2019-08-28,56,65,62,53,28,28,17,76,45,44
2019-08-29,51,66,49,58,27,24,18,78,41,38
2019-08-30,62,71,73,50,36,27,11,76,45,49
2019-08-31,58,65,53,60,32,27,18,69,43,43
2019-09-01,69,75,60,55,28,26,22,85,44,55
2019-09-02,40,75,58,47,31,21,23,68,39,46
2019-09-03,52,66,61,54,29,19,11,85,36,62
2019-09-04,71,59,64,55,36,24,18,73,45,52
2019-09-05,52,72,59,46,27,24,12,83,42,41
2019-09-06,56,63,56,62,37,25,21,73,42,61
2019-09-07,65,72,65,51,37,21,21,79,40,43
2019-09-08,60,70,43,51,31,24,22,61,45,43
2019-09-09,60,69,64,53,22,31,22,79,42,47
2019-09-10,61,66,70,57,32,25,22,79,44,58
2019-09-11,61,76,63,64,30,23,17,81,42,45
2019-09-12,51,67,59,51,27,27,30,77,41,55
2019-09-13,70,62,59,51,33,24,15,73,39,67
2019-09-14,50,81,56,54,30,26,22,70,40,57
2019-09-15,78,78,57,43,30,27,27,79,40,64
2019-09-16,68,71,61,50,29,22,29,69,37,51
2019-09-17,52,74,51,45,30,28,16,69,41,49
2019-09-18,73,69,60,56,37,24,18,82,44,52
2019-09-19,65,72,55,52,25,27,20,79,46,45
2019-09-20,55,60,57,54,34,19,19,70,40,41
2019-09-21,53,64,68,54,30,17,14,77,40,68
2019-09-22,57,73,55,60,39,23,27,77,40,45
2019-09-23,78,64,74,62,32,20,22,74,47,57
2019-09-24,57,63,72,48,34,21,24,76,45,62
2019-09-25,65,65,51,49,30,24,18,85,45,52
2019-09-26,52,63,73,58,31,26,21,67,41,45
2019-09-27,61,75,61,48,28,24,27,82,42,46
2019-09-28,60,76,60,44,24,25,20,67,42,52
2019-09-29,46,77,72,51,29,26,28,81,36,60
2019-09-30,51,65,69,61,30,28,12,69,41,56
2019-10-01,64,74,55,50,32,21,13,79,46,49
2019-10-02,58,63,76,51,24,20,25,69,42,56
2019-10-03,61,74,71,63,26,32,20,79,43,48
2019-10-04,50,80,66,42,30,26,12,84,35,40
2019-10-05,54,69,64,61,20,24,17,72,42,61
2019-10-06,58,81,63,66,38,27,16,75,45,59
2019-10-07,54,72,65,47,26,19,21,77,39,60
2019-10-08,65,76,58,48,38,28,11,67,39,60
2019-10-09,73,78,65,61,28,33,24,76,39,51
2019-10-10,79,66,63,60,35,25,28,81,40,54
2019-10-11,63,70,64,40,38,22,21,59,40,49
2019-10-12,74,67,67,49,23,27,24,69,39,63
2019-10-13,68,73,47,48,35,24,22,77,41,56
2019-10-14,72,61,62,55,39,20,15,90,39,68
2019-10-15,52,73,62,56,32,27,19,70,43,61
2019-10-16,58,69,43,61,23,34,23,67,43,46
2019-10-17,41,71,74,56,22,22,14,74,37,57
2019-10-18,48,64,45,43,38,28,15,64,40,73
2019-10-19,53,72,56,51,37,34,22,73,39,69
2019-10-20,83,63,62,48,29,25,18,73,42,58
2019-10-21,56,74,71,57,32,26,11,78,40,52
2019-10-22,56,72,57,50,26,28,28,74,43,51
2019-10-23,69,79,54,50,26,22,21,81,40,65
2019-10-24,61,66,62,62,25,20,19,76,35,66
2019-10-25,55,65,62,52,34,30,23,77,43,71
2019-10-26,69,70,53,51,29,29,24,85,40,58
2019-10-27,57,68,60,59,28,21,23,86,42,72
2019-10-28,74,62,62,54,25,25,25,86,36,50
2019-10-29,73,62,63,50,25,24,21,73,38,51
2019-10-30,77,67,74,52,19,20,11,77,42,72
2019-10-31,78,65,66,54,29,31,19,71,45,61
2019-11-01,67,72,73,60,42,36,30,79,40,57
2019-11-02,77,81,61,48,38,31,22,78,44,58
2019-11-03,57,67,60,46,26,35,18,78,45,48
2019-11-04,68,78,70,47,36,25,25,79,37,51
2019-11-05,71,79,60,60,40,25,20,66,42,61
2019-11-06,56,68,63,51,31,29,22,87,45,65
2019-11-07,71,75,59,54,31,25,22,68,40,65
2019-11-08,82,79,47,62,30,34,13,74,39,61
2019-11-09,67,84,54,53,30,26,20,79,45,61
2019-11-10,79,66,71,61,30,34,20,85,41,69
2019-11-11,66,70,62,48,29,28,24,71,40,55
2019-11-12,59,77,77,59,31,32,21,73,37,73
2019-11-13,48,67,60,61,27,22,19,75,34,63
2019-11-14,54,72,59,58,23,23,14,79,43,57
2019-11-15,69,73,53,50,36,24,25,82,46,60
2019-11-16,66,75,64,57,28,30,22,74,40,58
2019-11-17,62,72,54,53,33,25,30,71,42,79
2019-11-18,56,66,68,48,30,25,11,80,39,49
2019-11-19,74,78,47,59,38,31,20,80,41,67
2019-11-20,83,68,63,57,25,32,25,83,44,73
2019-11-21,75,79,77,51,25,21,19,69,36,63
2019-11-22,72,63,68,55,32,33,25,75,43,76
2019-11-23,70,77,71,57,25,31,22,75,41,67
2019-11-24,74,74,62,52,29,35,23,79,40,60
2019-11-25,55,76,66,52,29,27,28,80,35,63
2019-11-26,65,71,69,46,30,23,13,75,35,63
2019-11-27,72,67,66,63,28,24,13,77,40,59
2019-11-28,50,80,68,49,35,26,16,70,38,67
2019-11-29,79,76,60,52,30,30,14,88,41,60
2019-11-30,57,75,62,54,30,31,20,73,38,72
2019-12-01,84,70,51,60,33,29,18,85,37,50
2019-12-02,77,85,64,55,25,27,22,70,39,62
2019-12-03,57,67,66,40,31,36,18,79,42,63
2019-12-04,84,72,74,60,30,26,23,77,38,68
2019-12-05,66,77,72,52,30,34,21,88,32,57
2019-12-06,71,74,77,60,27,30,17,85,40,69
2019-12-07,101,75,62,54,39,28,12,89,36,79
2019-12-08,61,74,60,65,35,33,17,73,36,61
2019-12-09,68,78,52,46,37,25,15,75,42,69
2019-12-10,69,72,61,51,30,28,20,64,44,77
2019-12-11,69,64,70,50,33,31,23,71,36,58
2019-12-12,67,76,61,58,36,34,16,63,32,65
2019-12-13,58,79,57,44,22,38,22,79,38,66
2019-12-14,67,72,49,52,23,32,19,89,32,66
2019-12-15,65,71,80,43,43,26,10,77,44,87
2019-12-16,76,84,74,51,25,28,15,78,43,81
2019-12-17,68,74,58,53,33,31,16,77,42,85
2019-12-18,61,71,67,50,33,22,22,83,44,77
2019-12-19,74,76,79,49,32,24,9,88,42,73
2019-12-20,62,69,63,47,24,22,21,74,39,62
2019-12-21,74,65,75,48,34,27,14,68,39,79
2019-12-22,75,73,65,52,22,39,25,72,41,65
2019-12-23,66,74,65,64,44,32,19,72,44,63
2019-12-24,77,67,68,57,31,26,23,84,33,71
2019-12-25,83,83,59,51,36,26,31,87,37,77
2019-12-26,81,75,82,44,28,38,30,87,44,75
2019-12-27,80,78,52,53,38,28,30,75,45,80
2019-12-28,65,84,73,41,30,30,20,79,42,66
2019-12-29,65,75,56,46,25,29,18,79,41,69
2019-12-30,72,62,54,54,24,25,16,76,43,69
2019-12-31,69,85,81,42,41,28,21,69,37,77
2020-01-01,61,73,63,43,22,32,21,83,38,65
2020-01-02,88,73,74,49,40,32,20,69,35,66
2020-01-03,71,83,49,57,37,36,20,87,42,67
2020-01-04,64,76,58,52,31,36,23,81,39,64
2020-01-05,99,80,74,54,32,31,28,85,37,70
2020-01-06,59,79,54,48,39,26,17,71,40,66
2020-01-07,76,72,70,43,22,35,18,80,36,75
2020-01-08,78,69,63,55,26,29,18,80,35,62
2020-01-09,53,62,57,58,26,30,14,67,38,71
2020-01-10,82,85,70,51,25,30,20,72,38,58
2020-01-11,86,74,63,47,23,31,23,91,34,77
2020-01-12,60,75,67,64,24,35,23,79,39,76
2020-01-13,57,67,59,51,34,30,18,71,40,73
2020-01-14,78,64,69,60,30,32,28,80,31,68
2020-01-15,85,72,69,38,39,31,14,62,36,68
2020-01-16,83,70,50,58,22,35,22,71,36,59
2020-01-17,79,69,66,60,34,27,12,64,36,79
2020-01-18,75,82,59,51,36,33,19,67,32,73
2020-01-19,63,64,54,42,40,33,11,65,41,78
2020-01-20,77,64,45,49,23,33,25,62,37,53
2020-01-21,62,72,61,60,32,27,10,74,33,77
2020-01-22,80,77,47,40,27,31,26,82,39,71
2020-01-23,78,76,60,48,30,37,26,69,33,73
2020-01-24,76,70,55,54,32,32,16,74,34,63
2020-01-25,69,66,75,49,24,31,21,80,32,66
2020-01-26,60,73,71,57,35,26,28,76,37,63
2020-01-27,67,70,66,52,35,32,22,85,39,79
2020-01-28,80,67,62,50,30,35,21,76,30,72
2020-01-29,82,61,80,59,28,32,12,71,36,65
2020-01-30,68,74,58,52,35,35,16,81,41,82
2020-01-31,80,81,61,51,34,35,20,90,41,75
2020-02-01,71,76,72,59,31,34,20,70,37,73
2020-02-02,83,75,54,47,31,38,13,73,41,68
2020-02-03,65,74,61,52,26,38,16,74,32,68
2020-02-04,72,78,70,64,29,35,16,73,32,69
2020-02-05,75,70,85,55,28,30,20,77,39,93
2020-02-06,79,73,80,50,20,42,16,72,29,69
2020-02-07,75,68,79,46,25,30,13,78,36,70
2020-02-08,74,72,58,56,28,36,16,67,36,64
2020-02-09,65,72,78,46,25,33,18,89,30,81
2020-02-10,90,71,69,41,26,34,9,87,36,74
2020-02-11,86,62,61,52,32,32,24,63,41,74
2020-02-12,79,74,56,51,28,32,19,87,32,87
2020-02-13,80,82,68,46,20,33,16,76,30,77
2020-02-14,79,70,58,41,34,34,10,65,35,76
2020-02-15,77,75,46,45,32,32,25,66,32,71
2020-02-16,81,66,63,49,31,34,13,82,32,75
2020-02-17,77,83,59,48,35,36,15,71,32,80
2020-02-18,79,73,65,55,30,24,14,77,36,76
2020-02-19,79,69,70,54,32,34,24,66,30,72
2020-02-20,75,82,67,55,35,30,16,77,37,88
2020-02-21,73,70,52,47,30,40,14,63,33,69
2020-02-22,78,83,67,57,31,34,12,63,34,85
2020-02-23,101,68,67,52,37,37,10,77,35,79
2020-02-24,85,65,58,57,32,37,25,74,35,69
2020-02-25,91,75,66,48,35,34,12,80,42,86
2020-02-26,89,72,70,51,24,37,10,81,40,72
2020-02-27,81,80,68,41,38,32,12,74,31,83
2020-02-28,93,72,78,57,37,34,22,76,37,85
2020-02-29,80,71,78,48,29,30,14,76,31,88
2020-03-01,77,78,77,43,39,39,29,72,32,73
2020-03-02,67,77,59,56,27,42,28,70,33,75
2020-03-03,93,75,57,58,40,27,14,70,41,82
2020-03-04,73,68,82,44,28,37,11,65,34,97
2020-03-05,74,61,73,50,27,29,19,77,40,70
2020-03-06,97,73,68,49,28,38,22,70,31,91
2020-03-07,71,80,74,56,34,41,11,82,37,69
2020-03-08,75,73,78,51,35,34,25,63,34,82
2020-03-09,83,84,73,51,38,31,20,74,28,76
2020-03-10,97,77,74,53,31,32,15,80,32,77
2020-03-11,90,71,63,51,29,31,19,81,32,74
2020-03-12,80,70,75,38,28,32,23,82,32,81
2020-03-13,103,64,48,52,24,30,21,75,34,94
2020-03-14,75,71,63,57,42,40,17,67,30,90
2020-03-15,73,75,75,50,31,35,22,76,34,90
2020-03-16,83,71,84,55,37,28,11,75,32,68
2020-03-17,83,76,54,46,24,41,27,81,35,82
2020-03-18,76,71,47,55,32,34,8,84,28,82
2020-03-19,88,67,65,56,22,39,16,76,32,74
2020-03-20,81,72,45,54,22,33,23,82,32,72
2020-03-21,77,79,59,52,41,35,29,76,38,92
2020-03-22,68,80,72,50,32,43,13,69,33,80
2020-03-23,88,74,47,55,38,29,24,80,32,95
2020-03-24,102,73,59,62,33,26,15,84,30,75
2020-03-25,104,71,68,51,32,39,9,62,27,92
2020-03-26,101,76,57,50,33,38,8,74,30,79
2020-03-27,90,77,80,41,26,45,14,71,34,97
2020-03-28,72,78,65,47,37,40,27,77,34,70
2020-03-29,99,83,65,52,22,33,26,84,31,94
2020-03-30,84,68,69,49,32,30,23,77,36,86
2020-03-31,70,72,56,40,31,41,15,73,30,77
2020-04-01,86,66,67,56,27,33,26,77,33,78
2020-04-02,91,73,58,53,29,38,13,69,39,71
2020-04-03,87,68,80,47,34,38,19,78,26,82
2020-04-04,81,69,60,44,38,40,10,67,36,78
2020-04-05,95,82,46,64,26,42,15,64,37,74
2020-04-06,70,73,70,45,30,34,20,81,31,88
2020-04-07,76,68,79,57,30,36,25,79,33,75
2020-04-08,86,72,80,43,22,37,14,83,36,88
2020-04-09,104,65,73,56,29,38,11,68,30,102
2020-04-10,93,78,71,57,27,35,20,81,36,76
2020-04-11,97,82,76,50,33,33,26,71,37,101
2020-04-12,79,75,63,58,24,40,24,68,36,82
2020-04-13,74,75,78,55,37,36,22,81,35,88
2020-04-14,75,75,73,41,22,34,22,75,33,74
2020-04-15,77,81,48,49,31,42,19,88,30,96
2020-04-16,75,72,75,53,25,37,17,86,36,86
2020-04-17,90,76,52,43,27,38,29,76,32,85
2020-04-18,100,76,67,51,40,34,13,71,34,74
2020-04-19,79,67,59,48,30,34,18,72,34,105
2020-04-20,98,75,63,51,28,38,23,85,32,69
2020-04-21,88,72,56,57,31,37,11,80,31,90
2020-04-22,70,77,74,63,32,40,13,83,29,86
2020-04-23,97,77,52,41,23,35,23,76,34,84
2020-04-24,95,77,63,56,34,40,20,75,35,96
2020-04-25,101,75,68,54,33,42,22,79,32,79
2020-04-26,73,78,81,54,36,36,20,67,32,98
2020-04-27,104,75,67,62,34,34,26,78,28,81
2020-04-28,100,69,65,53,24,34,14,76,32,84
2020-04-29,80,84,80,58,22,39,16,70,26,90
2020-04-30,91,68,76,61,36,44,22,72,33,98
2020-05-01,93,70,79,58,31,41,20,82,28,100
2020-05-02,97,82,73,44,35,38,18,88,33,91
2020-05-03,103,69,56,51,28,38,14,82,30,75
2020-05-04,90,75,72,51,39,35,19,65,26,89
2020-05-05,101,75,72,59,41,40,20,69,31,80
2020-05-06,95,73,68,51,28,42,23,73,32,99
2020-05-07,99,73,66,60,39,40,12,79,27,81
2020-05-08,98,68,74,42,36,38,22,74,35,83
2020-05-09,78,81,55,40,35,38,12,72,27,89
2020-05-10,99,86,79,46,35,35,19,83,27,78
2020-05-11,95,74,71,42,27,39,17,76,36,81
2020-05-12,91,68,67,39,29,46,23,80,33,99
2020-05-13,92,74,68,43,31,44,14,91,31,86
2020-05-14,102,69,76,56,38,42,11,72,28,86
2020-05-15,84,69,78,59,31,38,15,68,30,77
2020-05-16,82,85,69,44,34,36,17,80,31,94
2020-05-17,109,73,75,60,35,39,13,77,27,92
2020-05-18,77,62,62,47,28,35,20,76,28,107
2020-05-19,94,74,54,57,32,41,26,69,26,92
2020-05-20,85,71,64,51,42,35,27,76,29,71
2020-05-21,84,73,63,45,37,34,13,76,32,88
2020-05-22,76,66,60,53,36,30,24,80,30,103
2020-05-23,98,75,54,44,25,32,22,83,24,86
2020-05-24,83,73,54,55,26,44,18,86,31,89
2020-05-25,83,69,79,46,33,35,20,76,30,101
2020-05-26,76,78,75,52,29,39,9,76,32,75
2020-05-27,82,80,61,52,30,37,17,78,32,81
2020-05-28,91,69,70,52,28,33,14,74,27,81
2020-05-29,104,77,78,56,24,48,19,80,32,103
2020-05-30,93,70,66,43,34,40,13,69,30,86
2020-05-31,96,71,73,53,27,41,27,71,28,82
2020-06-01,110,76,61,56,28,45,23,76,29,92
2020-06-02,83,72,62,52,30,36,18,79,23,85
2020-06-03,96,80,52,51,28,32,18,70,35,88
2020-06-04,93,71,60,54,29,44,13,72,26,93
2020-06-05,102,70,65,38,27,41,13,93,30,107
2020-06-06,80,73,69,48,35,48,18,77,28,98
2020-06-07,111,81,65,44,34,37,18,84,35,97
2020-06-08,85,76,48,40,39,47,22,76,35,105
2020-06-09,87,71,68,59,21,46,10,78,28,89
2020-06-10,101,76,58,60,32,44,11,82,28,98
2020-06-11,94,64,74,38,32,31,21,82,31,96
2020-06-12,83,75,66,60,41,37,14,65,32,95
2020-06-13,101,84,83,65,26,41,21,72,29,96
2020-06-14,97,76,72,57,30,46,11,82,25,103
2020-06-15,82,75,48,63,34,37,18,71,27,101
2020-06-16,100,84,74,55,42,37,13,92,27,84
2020-06-17,92,78,50,38,30,45,16,67,30,96
2020-06-18,107,78,52,45,20,38,10,79,27,103
2020-06-19,98,75,65,55,32,40,8,71,28,84
2020-06-20,99,69,66,56,27,41,25,75,25,93
2020-06-21,90,74,70,51,36,49,21,87,30,90
2020-06-22,91,76,59,40,35,35,9,81,27,111
2020-06-23,112,70,58,49,18,43,17,83,24,82
2020-06-24,93,69,69,58,29,36,22,75,31,91
2020-06-25,88,69,70,43,39,48,26,85,27,87
2020-06-26,106,73,66,47,31,40,22,74,24,99
2020-06-27,95,78,56,48,20,41,15,66,29,93
2020-06-28,112,67,84,55,29,43,21,85,28,82
2020-06-29,104,78,62,46,23,45,8,79,26,112
2020-06-30,79,71,61,57,34,46,14,76,29,108
2020-07-01,96,71,72,54,38,41,16,73,27,89
2020-07-02,98,78,68,51,31,40,18,67,31,87
2020-07-03,92,78,67,48,28,35,20,81,31,92
2020-07-04,92,73,81,47,29,37,25,89,27,108
2020-07-05,104,78,75,55,24,39,12,79,32,93
2020-07-06,102,76,68,62,30,41,15,74,27,91
2020-07-07,88,73,75,49,25,49,21,74,26,102
2020-07-08,113,67,70,49,41,41,15,77,26,93
2020-07-09,95,75,57,51,41,48,17,68,33,86
2020-07-10,98,74,70,48,31,38,24,90,28,101
2020-07-11,105,87,55,53,25,42,14,69,27,101
2020-07-12,92,68,79,53,43,40,18,70,30,87
2020-07-13,111,79,61,43,19,43,16,87,25,104
2020-07-14,103,76,63,58,30,43,21,68,27,98
2020-07-15,92,84,68,54,18,37,16,76,24,100
2020-07-16,94,76,80,53,30,46,20,84,27,88
2020-07-17,92,80,59,51,22,40,27,75,23,95
2020-07-18,100,78,65,42,35,40,17,69,30,105
2020-07-19,98,74,57,52,21,48,8,61,27,103
2020-07-20,98,75,53,55,26,41,21,61,31,98
2020-07-21,82,73,57,48,36,40,19,83,29,93
2020-07-22,99,74,58,41,26,37,20,69,27,105
2020-07-23,84,72,75,45,27,47,11,88,24,94
2020-07-24,106,65,62,48,29,41,16,69,23,97
2020-07-25,106,82,66,61,31,45,24,64,25,98
2020-07-26,100,73,57,40,31,45,20,66,28,102
2020-07-27,96,79,66,51,20,39,16,73,29,100
2020-07-28,84,72,54,62,23,35,13,77,29,97
2020-07-29,113,84,63,47,25,46,13,79,26,110
2020-07-30,108,85,69,54,23,43,18,70,27,107
2020-07-31,87,65,56,48,24,46,10,84,28,90
2020-08-01,108,66,62,43,38,45,22,83,26,112
2020-08-02,102,65,75,57,21,49,12,81,25,89
2020-08-03,90,65,67,47,33,49,19,78,24,98
2020-08-04,92,76,53,49,34,39,6,74,31,91
2020-08-05,105,71,61,44,31,49,16,73,25,90
2020-08-06,109,76,52,46,30,49,12,84,20,105
2020-08-07,107,81,70,45,40,41,27,70,28,98
2020-08-08,95,74,68,61,31,41,17,73,25,106
2020-08-09,108,78,67,54,40,39,19,87,21,91
2020-08-10,117,79,71,42,25,44,16,87,25,99
2020-08-11,108,71,54,42,30,49,24,73,27,98
2020-08-12,97,65,68,45,25,47,11,83,31,101
2020-08-13,102,75,74,53,23,40,17,71,31,109
2020-08-14,91,82,81,57,29,45,12,87,27,111
2020-08-15,108,69,87,46,27,47,22,71,29,116
2020-08-16,97,78,65,60,31,42,17,79,26,107
2020-08-17,97,67,80,55,38,44,16,79,23,113
2020-08-18,107,69,52,55,22,42,17,74,28,98
2020-08-19,111,68,68,39,40,41,15,77,25,100
2020-08-20,103,74,77,46,26,44,5,89,28,109
2020-08-21,96,74,83,56,37,41,16,73,29,104
2020-08-22,96,80,70,56,32,42,14,79,26,111
2020-08-23,108,68,64,46,30,53,16,88,30,119
2020-08-24,107,76,67,42,34,41,18,82,30,112
2020-08-25,101,82,83,48,34,39,19,73,30,103
2020-08-26,117,81,72,49,29,52,20,77,23,86
2020-08-27,111,74,70,41,26,46,24,91,21,100
2020-08-28,101,72,64,44,37,46,25,65,28,111
2020-08-29,109,78,77,57,28,41,20,85,28,95
2020-08-30,100,72,68,54,41,43,21,81,24,110
2020-08-31,110,81,47,49,34,38,12,83,28,113
2020-09-01,95,67,56,51,39,44,11,66,23,118
2020-09-02,111,79,80,51,25,44,15,80,24,117
2020-09-03,111,78,66,48,34,46,12,68,23,89
2020-09-04,93,76,75,53,22,49,26,86,23,103
2020-09-05,124,82,69,50,29,43,11,82,29,109
2020-09-06,122,73,61,60,26,50,18,76,28,106
2020-09-07,124,72,76,47,26,46,11,79,26,96
2020-09-08,108,80,70,52,34,48,16,65,21,101
2020-09-09,99,81,60,60,31,52,11,72,26,114
2020-09-10,111,66,68,47,27,42,17,85,23,116
2020-09-11,108,80,67,51,26,46,23,85,23,119
2020-09-12,115,71,85,45,21,46,6,87,30,96
2020-09-13,115,83,50,49,27,40,15,77,27,94
2020-09-14,107,82,84,40,40,46,19,84,22,97
2020-09-15,101,80,67,47,32,42,12,75,30,99
2020-09-16,109,74,52,49,30,43,15,81,23,116
2020-09-17,110,78,61,64,18,35,5,85,20,92
2020-09-18,95,70,57,54,35,37,9,83,28,95
2020-09-19,108,78,86,37,20,40,16,92,25,91
2020-09-20,90,76,52,50,21,53,21,94,23,101
2020-09-21,115,75,60,43,28,44,15,86,28,108
2020-09-22,110,78,67,49,19,50,14,84,28,101
2020-09-23,114,79,72,45,30,45,17,72,22,108
2020-09-24,105,75,78,58,28,51,14,88,25,101
2020-09-25,103,74,67,43,21,41,18,65,26,104
2020-09-26,124,79,63,47,38,39,18,68,21,97
2020-09-27,105,74,69,45,36,53,17,88,23,101
2020-09-28,108,83,61,58,23,44,22,88,27,100
2020-09-29,118,78,73,63,26,43,20,86,21,103
2020-09-30,108,81,70,62,27,52,9,89,20,104
2020-10-01,95,71,65,42,26,45,13,78,27,110
2020-10-02,110,69,71,43,40,41,20,75,22,109
2020-10-03,110,80,66,53,24,40,15,82,29,100
2020-10-04,114,67,74,48,32,44,23,73,24,102
2020-10-05,129,77,50,50,26,46,22,80,26,101
2020-10-06,126,78,65,51,28,45,26,78,20,114
2020-10-07,108,82,69,39,27,46,10,65,18,110
2020-10-08,110,75,71,56,33,57,14,81,20,91
2020-10-09,107,84,63,58,25,47,14,81,26,94
2020-10-10,115,76,83,51,24,43,10,79,26,115
2020-10-11,117,84,64,62,20,48,16,80,28,99
2020-10-12,103,79,80,51,34,47,9,73,23,110
2020-10-13,115,71,52,61,32,52,26,72,28,101
2020-10-14,110,85,71,48,37,44,16,87,28,104
2020-10-15,120,83,65,55,22,45,10,83,28,107
2020-10-16,100,81,74,38,34,42,16,74,22,100
2020-10-17,115,73,61,52,33,52,7,82,25,95
2020-10-18,106,71,74,53,30,45,18,90,29,109
2020-10-19,113,73,66,56,38,49,10,65,26,97
2020-10-20,125,76,67,56,28,41,11,84,30,94
2020-10-21,113,82,73,45,26,48,7,78,28,105
2020-10-22,117,66,61,46,28,55,22,80,21,90
2020-10-23,125,73,51,45,20,47,10,75,26,88
2020-10-24,106,85,57,43,27,44,15,67,19,116
2020-10-25,100,80,72,48,29,55,16,79,24,118
2020-10-26,112,86,66,60,36,42,10,79,21,104
2020-10-27,129,78,68,53,24,49,8,90,28,107
2020-10-28,116,69,69,62,40,57,12,92,26,118
2020-10-29,106,71,75,51,34,52,14,82,23,91
2020-10-30,107,73,62,47,23,42,12,85,23,115
2020-10-31,112,77,69,49,39,57,15,86,26,110
2020-11-01,119,79,73,52,36,47,16,82,24,110
2020-11-02,116,82,72,54,31,43,24,78,28,92
2020-11-03,120,81,86,51,27,41,13,84,25,113
2020-11-04,98,79,69,58,31,41,18,88,22,91
2020-11-05,102,81,49,45,32,47,11,85,19,112
2020-11-06,125,85,81,46,27,42,15,64,18,104
2020-11-07,112,77,73,63,20,53,21,84,23,99
2020-11-08,125,78,60,59,23,55,20,88,29,99
2020-11-09,118,82,70,52,29,54,16,81,30,107
2020-11-10,120,76,72,48,35,51,12,83,26,88
2020-11-11,103,78,52,61,32,43,20,80,24,119
2020-11-12,113,84,65,54,36,52,24,74,19,94
2020-11-13,114,83,67,45,19,59,12,89,28,108
2020-11-14,133,81,68,59,39,51,8,84,22,108
2020-11-15,101,76,77,45,27,57,16,82,25,111
2020-11-16,118,72,59,51,29,49,17,77,19,100
2020-11-17,110,81,66,49,21,48,7,86,20,102
2020-11-18,101,80,60,48,26,41,17,80,23,107
2020-11-19,103,72,49,40,29,42,17,75,26,109
2020-11-20,100,72,55,50,33,50,12,78,21,117
2020-11-21,102,74,77,48,29,43,25,90,25,111
2020-11-22,125,79,73,40,34,45,12,85,23,103
2020-11-23,129,74,66,42,24,52,16,87,24,94
2020-11-24,107,77,52,54,33,52,16,71,23,114
2020-11-25,109,78,76,53,27,50,6,81,24,110
2020-11-26,98,80,62,52,26,53,20,83,22,101
2020-11-27,131,87,71,47,24,49,22,94,19,117
2020-11-28,117,75,71,59,23,55,12,73,24,96
2020-11-29,134,87,73,53,36,45,10,79,21,101
2020-11-30,104,77,68,65,27,57,15,98,20,89
2020-12-01,126,82,73,52,31,56,9,72,24,113
2020-12-02,116,72,83,52,31,48,21,86,20,115
2020-12-03,114,82,70,42,21,55,7,96,22,94
2020-12-04,122,87,64,41,38,56,19,74,23,104
2020-12-05,128,83,59,64,37,55,18,95,23,94
2020-12-06,139,83,78,62,31,62,24,87,25,107
2020-12-07,133,73,57,54,27,53,23,75,19,116
2020-12-08,125,83,61,52,30,57,25,82,22,101
2020-12-09,128,88,82,48,28,55,5,79,23,113
2020-12-10,127,91,78,64,27,59,19,88,26,118
2020-12-11,134,85,79,57,32,45,20,97,24,118
2020-12-12,113,77,76,52,25,57,16,84,20,108
2020-12-13,108,76,79,64,31,61,18,75,25,106
2020-12-14,131,83,94,45,25,54,21,90,29,93
2020-12-15,112,87,66,62,31,46,5,76,23,112
2020-12-16,117,78,69,59,24,49,13,76,23,106
2020-12-17,118,88,65,41,32,55,16,82,19,109
2020-12-18,110,86,79,46,29,53,20,81,20,101
2020-12-19,119,83,89,47,41,52,10,94,17,116
2020-12-20,134,88,73,54,39,60,13,81,19,110
2020-12-21,113,75,67,54,30,58,22,81,23,125
2020-12-22,121,87,66,54,36,49,16,88,19,103
2020-12-23,118,82,70,53,28,53,23,78,23,104
2020-12-24,113,80,84,65,26,57,11,79,22,112
2020-12-25,150,76,96,61,32,57,16,77,19,112
2020-12-26,127,90,90,50,34,53,13,92,23,104
2020-12-27,146,82,70,51,32,56,25,85,24,104
2020-12-28,131,85,69,40,28,51,19,74,22,99
2020-12-29,129,89,80,67,41,55,19,92,22,102
2020-12-30,121,78,60,41,34,60,22,84,22,113
2020-12-31,131,79,63,49,36,56,17,71,27,105
2021-01-01,124,84,64,48,19,50,14,82,19,118
2021-01-02,132,71,73,53,29,59,13,67,23,105
2021-01-03,126,84,68,54,33,61,18,71,22,98
2021-01-04,111,71,57,47,26,48,5,79,25,94
2021-01-05,125,73,64,47,39,57,16,88,26,104
2021-01-06,134,81,71,46,40,50,16,86,21,90
2021-01-07,120,84,63,58,32,51,6,77,16,100
2021-01-08,140,87,86,54,33,46,20,79,19,101
2021-01-09,117,81,90,41,29,55,21,89,27,108
2021-01-10,125,84,79,63,34,44,17,85,19,104
2021-01-11,103,78,60,42,30,61,23,86,20,96
2021-01-12,102,81,74,65,35,53,18,84,16,98
2021-01-13,114,79,76,59,29,53,17,79,21,106
2021-01-14,115,89,66,58,30,51,18,76,21,93
2021-01-15,118,77,62,58,30,45,20,83,21,118
2021-01-16,123,76,77,49,22,52,16,85,20,95
2021-01-17,118,79,65,55,21,51,13,93,24,86
2021-01-18,120,76,79,60,29,41,13,77,23,107
2021-01-19,126,82,60,64,30,55,5,79,20,99
2021-01-20,111,76,74,61,22,44,10,67,16,101
2021-01-21,126,85,63,46,16,44,16,80,25,89
2021-01-22,107,74,72,60,28,48,8,73,21,103
2021-01-23,111,82,69,58,24,55,25,81,22,87
2021-01-24,114,71,82,55,31,54,9,72,17,107
2021-01-25,120,75,67,38,27,54,23,74,18,105
2021-01-26,124,73,75,45,39,46,15,81,21,89
2021-01-27,118,81,75,44,28,54,11,82,20,99
2021-01-28,126,79,80,47,23,53,10,74,14,91
2021-01-29,108,84,63,53,29,49,20,81,17,112
2021-01-30,104,84,68,44,32,52,9,77,16,116
2021-01-31,124,93,70,47,29,52,15,73,25,115
2021-02-01,115,84,77,51,28,45,19,76,24,93
2021-02-02,122,81,61,47,27,48,11,87,23,90
2021-02-03,110,75,80,46,25,53,16,81,16,96
2021-02-04,125,74,50,57,26,51,22,87,14,91
2021-02-05,127,85,70,42,31,52,15,83,24,100
2021-02-06,104,81,65,42,34,50,23,72,21,93
2021-02-07,118,73,69,54,38,56,11,91,20,98
2021-02-08,118,82,85,39,28,45,7,77,19,100
2021-02-09,119,80,64,54,19,45,18,84,16,103
2021-02-10,112,82,56,52,32,61,14,76,16,107
2021-02-11,118,74,55,47,25,50,20,86,18,112
2021-02-12,125,82,76,56,26,53,20,70,15,105
2021-02-13,112,72,89,43,29,55,15,85,20,103
2021-02-14,124,86,84,52,39,50,24,86,17,108
2021-02-15,130,83,89,45,36,52,12,71,16,82
2021-02-16,101,70,80,57,23,54,17,85,22,106
2021-02-17,110,74,66,46,39,54,18,79,21,99
2021-02-18,123,74,57,38,22,58,16,88,19,106
2021-02-19,135,69,74,58,21,55,18,76,17,87
2021-02-20,125,77,95,47,29,46,9,81,16,92
2021-02-21,130,70,60,53,34,52,17,77,19,96
2021-02-22,118,75,77,49,21,50,9,75,20,92
2021-02-23,124,69,60,54,24,47,16,78,17,98
2021-02-24,126,80,61,41,35,53,17,85,19,97
2021-02-25,120,87,78,43,28,54,16,79,19,90
2021-02-26,127,71,71,45,32,59,14,76,17,88
2021-02-27,134,91,75,56,41,60,22,80,18,93
2021-02-28,130,72,83,58,30,56,10,69,16,107
2021-03-01,129,79,79,44,30,49,5,91,18,81
2021-03-02,129,74,81,52,25,49,5,88,18,93
2021-03-03,139,84,71,52,34,57,13,74,20,92
2021-03-04,110,80,76,44,20,44,12,76,21,100
2021-03-05,119,79,68,60,29,45,21,73,17,85
2021-03-06,122,82,93,67,33,60,22,81,14,97
2021-03-07,126,70,61,40,33,54,22,85,18,105
2021-03-08,118,83,78,52,28,55,13,81,21,90
2021-03-09,107,88,69,58,27,62,19,85,16,85
2021-03-10,132,79,68,65,29,58,12,89,15,110
2021-03-11,132,83,72,52,35,50,19,85,16,107
2021-03-12,136,67,73,57,38,57,13,80,18,97
2021-03-13,139,91,77,42,21,54,17,75,18,110
2021-03-14,122,76,86,61,31,56,14,76,19,100
2021-03-15,127,73,84,58,25,50,9,73,15,98
2021-03-16,131,83,74,60,31,55,16,83,17,88
2021-03-17,118,72,76,50,27,53,8,82,16,85
2021-03-18,122,81,66,49,24,52,6,91,16,93
2021-03-19,124,69,80,59,37,56,9,70,17,86
2021-03-20,125,82,71,42,27,52,11,75,21,99
2021-03-21,114,88,79,38,27,56,15,85,18,110
2021-03-22,126,77,74,50,23,52,7,80,19,97
2021-03-23,137,87,77,52,33,51,11,77,14,100
2021-03-24,124,74,94,54,30,60,19,97,17,95
2021-03-25,110,79,65,43,25,59,16,86,20,109
2021-03-26,111,80,74,48,22,49,15,81,14,109
2021-03-27,125,85,76,53,27,57,16,76,19,95
2021-03-28,131,79,72,50,29,54,13,96,16,100
2021-03-29,125,69,56,54,30,51,13,81,18,96
2021-03-30,130,78,69,46,41,55,8,85,16,77
2021-03-31,131,86,74,48,18,48,18,81,20,90
2021-04-01,109,84,75,51,28,59,20,80,17,103
2021-04-02,119,82,89,62,22,57,20,86,19,100
2021-04-03,137,92,80,63,28,50,14,81,22,92
2021-04-04,151,91,70,50,26,61,19,90,18,101
2021-04-05,132,84,72,49,29,52,13,87,16,82
2021-04-06,121,77,64,44,23,61,8,70,18,89
2021-04-07,124,72,84,66,31,50,17,74,18,97
2021-04-08,121,80,73,59,36,58,8,83,17,79
2021-04-09,127,91,69,42,30,51,16,88,13,96
2021-04-10,122,86,58,47,35,59,14,80,15,96
2021-04-11,129,87,71,57,23,48,22,82,17,98
2021-04-12,129,89,67,54,25,58,10,77,18,75
2021-04-13,118,89,68,63,24,56,15,73,21,85
2021-04-14,125,76,81,39,28,54,19,81,19,89
2021-04-15,135,83,64,59,28,52,8,87,14,86
2021-04-16,115,74,85,51,34,54,13,79,20,107
2021-04-17,125,76,81,57,29,52,15,76,18,101
2021-04-18,134,82,82,55,34,58,21,71,16,89
2021-04-19,128,76,70,49,27,51,15,86,16,85
2021-04-20,122,84,62,62,19,44,14,84,12,99
2021-04-21,122,86,81,45,33,52,15,82,14,85
2021-04-22,120,78,67,41,25,62,10,73,14,103
2021-04-23,124,82,84,50,23,58,24,85,17,91
2021-04-24,132,79,77,63,32,63,6,71,20,91
2021-04-25,127,89,73,57,24,51,11,86,15,83
2021-04-26,118,80,57,44,33,48,12,79,16,101
2021-04-27,126,75,75,52,24,54,9,85,20,77
2021-04-28,128,88,78,42,30,56,13,89,20,87
2021-04-29,117,78,77,43,19,51,20,78,11,101
2021-04-30,115,82,76,56,30,60,15,79,18,83
2021-05-01,125,78,88,50,24,49,10,90,16,86
2021-05-02,122,82,86,53,33,56,18,95,17,91
2021-05-03,124,84,72,55,35,55,21,79,16,84
2021-05-04,125,76,67,52,27,59,9,81,18,83
2021-05-05,128,87,68,55,20,58,14,88,12,76
2021-05-06,138,75,88,58,31,58,14,76,13,94
2021-05-07,130,82,73,48,36,63,8,78,13,83
2021-05-08,144,82,68,57,26,59,18,98,13,92
2021-05-09,113,82,55,43,19,58,23,96,15,91
2021-05-10,133,79,82,49,26,52,8,98,15,104
2021-05-11,131,85,70,45,20,50,24,83,14,101
2021-05-12,108,77,67,52,32,55,24,67,11,98
2021-05-13,105,77,75,51,26,53,13,91,19,90
2021-05-14,136,81,76,51,28,59,19,84,16,84
2021-05-15,139,79,79,49,23,56,21,88,14,100
2021-05-16,117,77,84,53,35,53,21,76,17,82
2021-05-17,127,72,82,48,30,60,9,87,15,93
2021-05-18,134,78,63,44,37,58,14,90,18,97
2021-05-19,115,79,80,56,23,62,13,89,15,83
2021-05-20,125,75,88,51,35,52,14,78,14,90
2021-05-21,125,80,79,46,31,54,19,81,16,81
2021-05-22,128,91,96,43,36,56,21,77,19,95
2021-05-23,121,92,79,51,26,57,8,89,14,92
2021-05-24,122,70,76,41,28,50,11,76,15,100
2021-05-25,122,74,68,41,27,54,12,77,17,79
2021-05-26,142,85,64,45,25,56,16,88,10,86
2021-05-27,121,81,62,45,22,59,23,76,10,84
2021-05-28,111,90,92,55,30,57,24,72,9,95
2021-05-29,140,85,58,52,19,61,20,93,14,87
2021-05-30,130,75,82,48,25,57,15,71,10,96
2021-05-31,137,86,69,47,30,62,14,79,16,78
2021-06-01,123,84,76,41,33,59,8,84,19,90
2021-06-02,130,79,78,52,31,58,18,85,15,71
2021-06-03,129,72,67,54,32,57,12,79,15,80
2021-06-04,118,86,64,54,26,60,23,86,16,92
2021-06-05,118,82,76,45,26,52,10,88,13,94
2021-06-06,127,85,83,59,30,58,13,75,18,79
2021-06-07,133,82,70,66,26,56,20,80,11,76
2021-06-08,130,80,84,57,29,56,11,80,12,76
2021-06-09,131,74,78,51,28,63,11,94,10,88
2021-06-10,126,79,78,68,26,60,6,91,12,98
2021-06-11,141,87,79,58,19,58,10,93,17,89
2021-06-12,128,76,85,55,16,57,14,95,18,95
2021-06-13,129,73,85,54,18,55,19,92,12,82
2021-06-14,124,70,80,49,36,52,23,70,17,86
2021-06-15,138,82,71,53,24,51,11,96,17,86
2021-06-16,122,85,70,50,25,56,9,76,14,69
2021-06-17,125,81,72,53,31,57,16,91,19,78
2021-06-18,135,69,70,62,26,54,20,87,12,93
2021-06-19,122,69,79,60,28,59,11,88,12,84
2021-06-20,112,74,79,51,30,56,14,91,17,69
2021-06-21,127,72,56,54,24,56,14,95,15,87
2021-06-22,122,80,85,42,28,57,5,87,19,70
